시도,시군구,수행기관명,주소,기관 대표전화,위도,경도
서울특별시,서울특별시,마포어르신돌봄통합센터,서울특별시 마포구 토정로 148-14 (상수동),02-325-3853,37.5450846731468,126.927018838807
부산광역시,부산광역시,부산광역시독거노인종합지원센터,부산광역시 중구 중구로 71 가톨릭센터 7층,051-253-2590,35.1043539464545,129.028572657778
대구광역시,대구광역시,진명재가노인돌봄센터,대구광역시 동구 아양로 239 진명시니어카운티 5층,053-954-0202,35.8870360277166,128.638877848167
인천광역시,인천광역시,인천광역시고령사회대응센터,인천광역시 미추홀구 석정로 229 행정타운및제물포스마트타운 10층,032-715-7685,37.4687584336674,126.660821349251
광주광역시,광주광역시,광주광역시사회서비스원,"광주 서구 상무중앙로 110 (치평동, 우체국보험광주회관) 8층 재단법인 광주광역시 사회서비스원",062-607-5239,35.1565802271515,126.848904172794
대전광역시,대전광역시,대전광역시사회서비스원,"대전 중구 보문로 246 (대흥동, 대림빌딩) 10층 대전광역시사회서비스원",042-331-5077,36.324609359881,127.422864348453
울산광역시,울산광역시,사회복지법인 함께하는사람들,울산광역시 중구 난곡10길 22,052-249-8088,35.5562374811577,129.279123907612
경기도,경기도,경기도 노인맞춤돌봄·응급안전안심서비스 광역기관,"경기 수원시 장안구 경수대로 1150 (파장동, 경기도인재개발원) 도서관 3층",031-8067-5211,37.3156294511949,126.991063418759
강원도,강원도,동해시U-Care센터,"강원 동해시 선돌길 19 (단봉동, 동해시U-Care센터)",033-533-1155,37.480723462176,129.124511083615
충청북도,충청북도,충청북도노인종합복지관,충청북도 청주시 서원구 흥덕로 42,070-4017-0040,36.6396846398692,127.474012869
충청남도,충청남도,홍성군노인종합복지관,충청남도 홍성군 홍성읍 내포로 146번길 30-11,041-631-0960,36.5971546382478,126.654646348635
전라북도,전라북도,우리노인복지센터,전라북도 전주시 덕진구 전주천서로 321,063-717-7179,35.821658819769,127.133562205915
전라남도,전라남도,전라남도사회서비스원,전남 목포시 양을로33번길 3 (산정동) 전라남도서부종합재가센터,061-277-9837,34.8014513676274,126.379991466798
경상북도,경상북도,경상북도 노인맞춤돌봄서비스 광역지원기관,"경상북도 안동시 안기천로 74, 지하1층",054-841-7011,36.5639876965853,128.717461829316
경상남도,경상남도,마산회원노인종합복지관,경상남도 창원시 마산회원구 삼호로 227(석전동),055-713-6890,35.2305701094834,128.569487652482
제주특별자치도,제주특별자치도,제주시홀로사는노인지원센터(광역),"제주특별자치도 제주시 동문로 80, 2층 (일도2동)",064-759-9260,33.5135349960154,126.535102290484
서울특별시,강남구,강남구노인통합지원센터,"서울특별시 강남구 봉은사로24길 70, 2층",02-557-8091,37.5023886492658,127.031877247348
서울특별시,강동구,시립강동노인종합복지관,서울특별시 강동구 동남로71길 32-5,02-442-1026,37.5522111843463,127.15462055421
서울특별시,강동구,성가정노인종합복지관,서울특별시 강동구 양재대로156길 28,02-481-2218,37.556107327057,127.146525893208
서울특별시,강동구,성내종합사회복지관,서울특별시 강동구 성안로13길 56,02-478-2555,37.5322068706444,127.129346274215
서울특별시,강북구,시립강북노인종합복지관,서울특별시 강북구 삼양로92길 40(인수동),02-999-9179,37.6356868161336,127.018752579451
서울특별시,강북구,번동3단지종합사회복지관,"서울특별시 강북구 오현로 208, 302동 1층",02-984-6777,37.6296738995578,127.041145408279
서울특별시,강북구,강북재가노인지원센터,"서울 강북구 삼양로 478 (수유동, 동훈빌딩) 2층",02-945-9988,37.6459474263641,127.015529661243
서울특별시,강서구,참사랑재가노인지원센터,"서울특별시 강서구 금낭화로 54-20 3층(방화동, 이화빌딩)",02-2064-0102,37.570183409138,126.812467264763
서울특별시,강서구,강서노인종합복지관,서울특별시 강서구 화곡로61길 85,02-3664-0322,37.5581231966538,126.847551552263
서울특별시,강서구,강서구립봉제산어르신복지센터,서울특별시 강서구 초록마을로15길 12(화곡동),02-2605-1553,37.5415228150151,126.851407866411
서울특별시,관악구,신림종합사회복지관,서울특별시 관악구 난곡로 110 (난향동),02-851-1767,37.4648375950392,126.919859517543
서울특별시,관악구,성민종합사회복지관,서울특별시 관악구 호암로 549(신림동) 3층,02-876-0900,37.4667899582461,126.931240403385
서울특별시,관악구,사회적협동조합 우리사이,"서울특별시 관악구 신림로23길 16, 5층(신림동)",02-883-0142,37.4704811658789,126.934476782389
서울특별시,관악구,시립관악노인종합복지관,서울특별시 관악구 보라매로 35,02-888-6144,37.4930406894254,126.926330084488
서울특별시,광진구,늘푸른돌봄센터,"서울 광진구 용마산로8길 65 (중곡동, 공유공간 돌봄) 1층",02-461-8373,37.5594674061624,127.091464029548
서울특별시,광진구,광진노인종합복지관,서울특별시 광진구 군자로 88,02-466-6242,37.5510982450362,127.071596091794
서울특별시,구로구,구로어르신돌봄통합센터,서울특별시 구로구 디지털로27다길 65 지하1층,02-868-1554,37.4871431613036,126.890154656237
서울특별시,구로구,구로노인종합복지관,서울특별시 구로구 새말로16길 7,02-838-4600,37.5052407516115,126.890616727001
서울특별시,구로구,궁동종합사회복지관,서울특별시 구로구 오리로22길 5,02-2613-9367,37.499134592341,126.829564211936
서울특별시,금천구,금천한내어르신복지센터,"서울특별시 금천구 한내로 69-15(독산동), 금천한내복지관 4층",02-897-5104,37.4573874173337,126.886550524689
서울특별시,금천구,금천호암노인종합복지관,"서울특별시 금천구 독산로72길 86-5, 4층 종합사무실",02-853-7203,37.4695129058618,126.906449246226
서울특별시,금천구,금천노인종합복지관,서울특별시 금천구 시흥대로51길 93-32,02-804-4058,37.4501343152384,126.897763811332
서울특별시,노원구,서울노원남부지역자활센터,"서울특별시 노원구 동일로178길 19-38 505호(공릉동, 연세빌딩)",02-941-6594,37.6220937199286,127.07571254625
서울특별시,노원구,시립노원노인종합복지관,서울특별시 노원구 노원로16길 15(하계동) / 보람어린이집 건물,02-948-7350,37.6434450655049,127.073337208198
서울특별시,노원구,노원구어르신돌봄지원센터,"서울특별시 노원구 상계로23길 17, 원터행복발전소3층",02-935-5000,37.6588115192019,127.068522987191
서울특별시,도봉구,서울특별시립도봉노인종합복지관,서울특별시 도봉구 도당로2길 12-13,02-993-9900,37.6589281126683,127.035956742612
서울특별시,도봉구,창동종합사회복지관,서울특별시 도봉구 덕릉로 329 4층,02-993-3222,37.6448377680294,127.04550822968
서울특별시,도봉구,한결재가돌봄센터,서울특별시 도봉구 도봉로164길 33-25 502호,02-955-2505,37.6764853409273,127.04719412627
서울특별시,도봉구,도봉재가노인지원센터,서울특별시 도봉구 시루봉로 130 (방학동) 5층,02-3494-6060,37.662417758616,127.027746924771
서울특별시,동대문구,동대문노인종합복지관,"서울특별시 동대문구 제기로33길 25, 동대문노인종합복지관 (청량리동, 동대문노인종합복지관)",02-963-0565,37.5872413382227,127.049826506747
서울특별시,동대문구,은천재가노인지원센터,서울특별시 동대문구 장한로27가길 53,02-2249-0580,37.5754966426096,127.070917015727
서울특별시,동작구,동작노인종합복지관,서울특별시 동작구 상도로11길 7,02-823-0064,37.5003904580472,126.929109745694
서울특별시,동작구,사당어르신종합복지관,서울특별시 동작구 사당동 남부순환로 2081,02-580-2461,37.4770171436896,126.979851680787
서울특별시,마포구,마포노인복지센터,서울특별시 마포구 만리재로 99,02-712-3642,37.5491825491087,126.959566431171
서울특별시,마포구,마포어르신돌봄통합센터,서울특별시 마포구 토정로 148-14(상수동),02-325-3850,37.5450846731468,126.927018838807
서울특별시,서대문구,시립서대문노인종합복지관,서울특별시 서대문구 독립문로8길 57 지하1층 사무실,02-363-9988,37.5680044944284,126.959117752095
서울특별시,서대문구,효림재가노인지원센터,서울특별시 서대문구 경기대로9길 62,02-313-5124,37.564328942266,126.960893058142
서울특별시,서초구,서초어르신행복e음센터,서울특별시 서초구 방배중앙로 159-6,02-6925-6990,37.4933401530925,126.985946583031
서울특별시,서초구,방배노인종합복지관,서울특별시 서초구 방배천로 48 3층 사무실,02-581-7992,37.4807674284213,126.982786858367
서울특별시,성동구,성동노인종합복지관,"서울특별시 성동구 마조로 77(마장동, 성동노인종합복지관 1층 지역복지과)",02-2298-5117,37.5647846611665,127.041239858501
서울특별시,성동구,사회적협동조합 성동돌봄,"서울특별시 성동구 왕십리로 309 (행당동, 왕십리역이스타빌) 205호",02-2294-2114,37.5613776986706,127.034582633625
서울특별시,성북구,정릉종합사회복지관,서울특별시 성북구 솔샘로5길 92(정릉동),02-909-0434,37.6112025301568,127.001231451993
서울특별시,성북구,길음종합사회복지관,"서울특별시 성북구 삼양로2길 55 (길음동, 길음종합사회복지관)",02-985-0161,37.6067227488566,127.026793261352
서울특별시,성북구,생명의전화종합사회복지관,"서울 성북구 화랑로5길 93 (하월곡동, 동북제일교회)",02-916-9191,37.6065869307484,127.040515810874
서울특별시,성북구,서울시립성북노인종합복지관,서울특별시 성북구 종암로15길 10(종암동),02-929-7950,37.597790246658,127.034410146217
서울특별시,송파구,송파노인종합복지관,서울특별시 송파구 백제고분로32길 41(4층 지역복지과),02-2203-9400,37.4986684599392,127.094895649961
서울특별시,송파구,송파실벗뜨락,"서울특별시 송파구 백제고분로42길 5 5,6층",02-413-9999,,
서울특별시,송파구,송파노인복지센터,"서울특별시 송파구 백제고분로41길 19-24, 2층 (송파동)",02-2202-3677,37.5071181869985,127.106411134941
서울특별시,양천구,양천어르신종합복지관,서울특별시 양천구 목동로3길 106(신정동),02-2649-4848,37.5104425347921,126.858627933542
서울특별시,양천구,서서울어르신복지관,서울특별시 양천구 가로공원로60가길 16,02-2608-4042,37.5342610593105,126.826765522574
서울특별시,양천구,목동실버복지문화센터,서울특별시 양천구 목동중앙로3길 21(목4동 765-1),02-2643-3352,37.5364645531731,126.869267931653
서울특별시,영등포구,구립영등포노인복지센터,"서울특별시 영등포구 선유서로34길 10, 3층",02-2679-0065,37.526869498543,126.887435272041
서울특별시,영등포구,영등포종합사회복지관,서울특별시 영등포구 신길로13길 4,02-845-5331,37.4973173815107,126.907694926891
서울특별시,영등포구,신길종합사회복지관,서울특별시 영등포구 영등포로84길 24-5 2층 사무실,02-831-2755,37.511168746002,126.921442246927
서울특별시,영등포구,영등포노인종합복지관,서울특별시 영등포구 도림로 482 영등포노인종합복지관 2층 통합사무실,02-2068-5326,37.5168563355065,126.890541520829
서울특별시,용산구,시립용산노인종합복지관,서울특별시 용산구 독서당로11길 16 1층 사무실,02-794-6100,37.5313386817535,127.006498019073
서울특별시,용산구,갈월종합사회복지관,서울특별시 용산구 두텁바위로 25(갈월동),02-752-7887,37.5457741648724,126.974824558285
서울특별시,용산구,효창종합사회복지관,서울특별시 용산구 효창원로 146-12(효창동)효창종합사회복지관 2층 사무실,02-716-0600,37.5412241642919,126.963019371346
서울특별시,용산구,청파노인복지관,서울특별시 용산구 청파로83길 26 2층 복지팀,02-701-6012,37.5520062592713,126.967696716313
서울특별시,용산구,용산재가노인지원센터,"서울 용산구 한강대로 69 (한강로2가, 용산푸르지오써밋) 102동 2611호",02-792-7882,37.5270404595814,126.964892234354
서울특별시,은평구,은평어르신돌봄통합지원센터,"서울특별시 은평구 연서로13길 29-7, (구산동), 3층 은평어르신돌봄통합지원센터",02-389-9712,37.6101785198664,126.9126891869
서울특별시,은평구,서울시립은평노인종합복지관,서울특별시 은평구 연서로 415,02-385-1351,37.6322508137652,126.929982419795
서울특별시,종로구,구립종로노인종합복지관,서울특별시 종로구 율곡로19길 17-8,02-742-9500,37.5766679096376,127.006020606379
서울특별시,중구,약수노인종합복지관,서울특별시 중구 다산로6길 11,02-2234-3515,37.552470629334,127.009330432792
서울특별시,중구,유락종합사회복지관,"서울특별시 중구 퇴계로 460, 유락종합사회복지관 7층 사무실",02-2235-4000,37.5650915889749,127.022785073213
서울특별시,중구,중림종합사회복지관,서울특별시 중구 서소문로6길 16,070-5089-9233,37.559430257461,126.966259528781
서울특별시,중랑구,신내노인종합복지관,서울특별시 중랑구 신내로15길 175,02-3421-4800,37.6148125057942,127.087889229646
서울특별시,중랑구,중랑노인종합복지관,서울특별시 중랑구 겸재로9길 45,02-493-9966,37.5884349591944,127.077841909247
서울특별시,중랑구,면목종합사회복지관,서울특별시 중랑구 용마산로 228,02-436-0500,37.5741674853751,127.088301152119
서울특별시,중랑구,여명재가노인지원서비스센터,서울특별시 중랑구 동일로160길 49 (지층),02-976-2808,37.6112429393465,127.080479326203
부산광역시,강서구,강서노인종합복지관,부산광역시 강서구 체육공원로 39 강서노인종합복지관,051-972-4851,35.2073302497845,128.973466462756
부산광역시,강서구,명지노인종합복지관,"부산 강서구 명지국제13로 33 (명지동, 명지노인종합복지관)",051-712-7000,35.1105604141905,128.923043606972
부산광역시,금정구,금정구노인복지관,부산광역시 금정구 청룡예전로 110(청룡동),051-792-7200,35.2791716542399,129.084784882153
부산광역시,금정구,남광종합사회복지관,부산광역시 금정구 중앙대로 2349번길 3,051-508-1998,35.2933956335556,129.100009106373
부산광역시,금정구,금정구종합사회복지관,부산광역시 금정구 반송로 490번길 47,051-532-0115,35.2146541166453,129.118364430322
부산광역시,기장군,기장군노인복지관(본관),부산광역시 기장군 기장읍 차성동로88-6 4층 (무료급식소),051-792-4760,35.2454453915706,129.217481722061
부산광역시,기장군,기장군노인복지관(분관),부산광역시 기장군 일광면 이천8길 13,051-792-4870,35.2675406403873,129.236735491605
부산광역시,남구,남구노인복지관,부산광역시 남구 못골로 97-10(대연동),051-628-1291,35.1361814678717,129.093254299578
부산광역시,남구,용호종합사회복지관 부설 용호재가노인지원서비스센터,부산광역시 남구 이기대공원로 7(용호3동),051-628-6737,35.1245640102441,129.113481177293
부산광역시,남구,청전재가노인지원서비스센터,부산광역시 남구 유엔로 124 2층,051-622-1226,35.1300422000171,129.08964926846
부산광역시,남구,남구종합사회복지관,"부산 남구 동제당로 258 (우암동, 남구종합복지관)",051-647-3655,35.1271719759536,129.07490737744
부산광역시,동구,동구노인복지관,부산광역시 동구 홍곡중로 5번길 24(수정동),051-714-2945,35.1258109626327,129.040417647523
부산광역시,동구,부산동구자성대노인복지관,"부산광역시 동구 자성로 140번길 32, 4층 노인맞춤돌봄서비스 사무실",051-632-7597,35.1356421592743,129.064846067518
부산광역시,동래구,동래구노인복지관,부산광역시 동래구 명륜로 207번길 18,051-710-6252,35.2123854194615,129.081966551055
부산광역시,동래구,사직노인복지센터,부산광역시 동래구 사직북로63번길 20-7 본관3층,051-506-3416,35.1990962356849,129.057300389105
부산광역시,동래구,효림원재가노인지원서비스센터,"부산광역시 동래구 반송로273번길 7, 303호",051-523-1322,35.2044050534638,129.100915147019
부산광역시,부산진구,부산진구노인복지관,부산광역시 부산진구 전포대로300번길 6,051-808-8090,35.1640484712076,129.065846661256
부산광역시,부산진구,다사랑복합문화예술회관,부산광역시 부산진구 대학로 60,051-898-1746,35.1504405504228,129.03445917036
부산광역시,북구,장선종합복지공동체(실버벨노인종합복지관),부산광역시 북구 시랑로114번길 45(구포동),051-337-5959,35.194265332033,129.008689823492
부산광역시,북구,화명종합사회복지관,부산광역시 북구 금곡대로199번길 21(화명동),051-338-2233,35.2268089144843,129.009781132169
부산광역시,북구,청록재가노인지원서비스센터,"부산광역시 북구 만덕대로155번길 86-9 (덕천동, 덕천2지구도개공아파트)",051-337-0161,35.2180355880224,129.021109556679
부산광역시,북구,부산삼동재가노인지원서비스센터,부산 북구 금곡대로324번길 11 (화명동),051-343-5685,35.2372711259473,129.014717742218
부산광역시,사상구,모라종합사회복지관,부산광역시 사상구 모라로 110번길 129,051-304-9876,35.1849447285069,128.997874101631
부산광역시,사상구,사상구종합사회복지관,부산광역시 사상구 백양대로 527 2층 맞춤돌봄서비스,051-710-2232,35.1554302845925,128.994783401706
부산광역시,사상구,사상구노인복지관,"부산광역시 사상구 가야대로196번길 51, 5층",051-325-7555,35.1473813660731,128.995023021355
부산광역시,사하구,인창노인복지센터,부산광역시 사하구 낙동대로 128 인창노인복지센터 5층,051-204-3473,35.1036913773059,129.001867415485
부산광역시,사하구,사하중앙노인복지센터,"부산광역시 사하구 승학로 123,(4층)",051-206-9106,35.1037548417316,128.980938091078
부산광역시,사하구,신장림사랑채노인복지관,부산광역시 사하구 다대로300번길 9,051-266-8515,35.0750862167461,128.976327846512
부산광역시,사하구,몰운대종합사회복지관,부산광역시 사하구 다대낙조2길 17,051-264-9033,35.0512273180475,128.96354980601
부산광역시,사하구,구평종합사회복지관,"부산 사하구 을숙도대로 744 (구평동, 사회복지회관)",051-263-3045,35.0856399633622,128.986718248567
부산광역시,서구,서구종합사회복지관,"부산광역시 서구 망양로193번길 104, 서구종합사회복지관 1층",051-253-1922,35.1111762842212,129.026353865582
부산광역시,서구,서구노인복지관,"부산광역시 서구 장군산로46번길 21 (암남동, 서구노인복지관)",051-244-3541,35.0731281495082,129.014348020863
부산광역시,수영구,수영구노인복지관,"부산광역시 수영구 황령대로489번길 83, 수영구노인복지관",051-759-6070,35.1400466504581,129.111172072417
부산광역시,수영구,수영재가노인지원서비스센터,"부산광역시 수영구 연수로 375, 4층",051-912-7275,35.1702543239521,129.111282932682
부산광역시,수영구,광안노인복지관,부산광역시 수영구 장대골로 75-8,051-715-6099,35.1595681371736,129.104867504774
부산광역시,연제구,연제구거제종합사회복지관,부산광역시 연제구 아시아드대로 46번길 45(3층),051-507-8151,35.1884748990293,129.070700279315
부산광역시,연제구,연제지역자활센터,부산 연제구 봉수로 17 (연산동) 연산종합사회복지관 3층 연제지역자활센터,051-853-8279,35.1727274741814,129.088908850488
부산광역시,연제구,연제구노인복지관,부산광역시 연제구 고분로 188,051-863-9988,35.1853655071687,129.102797618208
부산광역시,영도구,영도구노인복지관,부산광역시 영도구 절영로29번길 14,051-417-6344,35.0913300208287,129.040097492103
부산광역시,영도구,와치종합사회복지관,부산광역시 영도구 함지로 79번길 76,051-403-4200,35.0759978094185,129.065523726783
부산광역시,중구,중구노인복지관,부산광역시 중구 책방골목길3-1,051-241-2591,35.1041412088606,129.026179123165
부산광역시,해운대구,어진샘노인종합복지관,"부산광역시 해운대구 재반로12번길 16, 어진샘노인종합복지관",051-784-8008,35.1796692135271,129.127532295317
부산광역시,해운대구,장산노인복지관,부산광역시 해운대구 좌동로 126,051-704-9141,35.1737944872053,129.178786407385
부산광역시,해운대구,운봉종합사회복지관,부산광역시 해운대구 신반송로 200,051-543-2431,35.2302888952927,129.158665042853
부산광역시,해운대구,대성재가복지센터,"부산 해운대구 선수촌로 181-2 (반여동, 삼흥빌딩) 대성재가복지센터 2층",051-524-0063,35.2090218637587,129.123779544146
대구광역시,남구,햇빛재가노인돌봄센터,대구광역시 남구 봉덕로 41 동영빌딩 8층,053-474-9748,35.8452590347071,128.595232954162
대구광역시,남구,참좋은재가노인돌봄센터,대구광역시 남구 중앙대로 132 3층(봉덕동),053-474-1253,35.8449271943807,128.590845611567
대구광역시,남구,대덕노인종합복지관,대구광역시 남구 큰골길 137,053-621-9524,35.8361744298636,128.583765717189
대구광역시,달서구,달서구노인종합복지관,대구광역시 달서구 학산로 140(노인맞춤돌봄지원센터),053-644-8312,35.8332858977279,128.541805098165
대구광역시,달서구,성서재가노인돌봄센터,대구광역시 달서구 장기로 253-1 프라임 3층,053-716-6126,35.8433659724744,128.532526693853
대구광역시,달서구,월성재가노인돌봄센터,대구광역시 달서구 월성로20 건도파라다이스빌딩 401호,053-636-7300,35.8315889770411,128.5331529172
대구광역시,달서구,굿실버재가노인돌봄센터,대구광역시 달서구 상인로 84 4층,053-652-0272,35.8147322496121,128.547743775387
대구광역시,달서구,대구YWCA재가노인돌봄센터,대구광역시 달서구 성서로 377 5층,053-587-1968,35.8512164420623,128.506819049475
대구광역시,달서구,대덕재가노인돌봄센터,대구광역시 달서구 한실로 89 4층,053-625-9523,35.8070446586278,128.536428029418
대구광역시,달서구,대구재가노인돌봄센터,"대구광역시 달서구 월배로 385, 2층",053-295-6070,35.8292216303992,128.549830202524
대구광역시,달성군,효경재가노인돌봄센터,"대구광역시 달성군 현풍읍 현풍중앙로 87-2, 1층",053-617-0112,35.6967940071798,128.443618381947
대구광역시,달성군,수경재가노인돌봄센터,"대구광역시 달성군 화원읍 비슬로 2490,4층",053-634-2007,35.7993406282183,128.490790620986
대구광역시,달성군,에덴재가노인돌봄센터,"대구광역시 달성군 옥포읍 비슬로 1904,2층",053-615-1133,35.7797384120687,128.432283291995
대구광역시,달성군,늘푸른재가노인돌봄센터,대구광역시 달성군 가창면 가창로 1097-4,053-637-9988,35.802441028312,128.6220175463
대구광역시,동구,감천재가노인돌봄센터,대구광역시 동구 갓바위로 75,053-986-7708,35.9621295067845,128.715525010125
대구광역시,동구,진명재가노인돌봄센터,대구광역시 동구 아양로 239 (신암동) 진명시니어카운티 5층,053-954-1006,35.8870360277166,128.638877848167
대구광역시,동구,효청원재가노인돌봄센터,대구 동구 효목로 49 (효목동) 3층,053-751-1152,35.8777246835255,128.639888227471
대구광역시,동구,신안재가노인돌봄센터,"대구광역시 동구 부동길30, 3층",053-290-9988,35.889421642284,128.681930805071
대구광역시,동구,동구재가노인돌봄센터,대구광역시 동구 경안로 109길 22-7(동호동),053-964-3111,35.871630031724,128.711772239783
대구광역시,동구,성덕재가노인돌봄센터,대구광역시 동구 반야월로 100. 3층 성덕재가노인돌봄센터,053-964-9647,35.8731597275144,128.699263038047
대구광역시,북구,가정북구재가노인돌봄센터,"대구광역시 북구 오봉로6길 12, 2층",053-959-8310,35.8897989591778,128.577997492931
대구광역시,북구,가정종합사회복지관,"대구광역시 북구 대동로 10길 9, 4층 노인맞춤돌봄서비스 사무실",053-958-8310,35.8957220015264,128.611445675743
대구광역시,북구,효성재가노인돌봄센터,"대구광역시 북구 구암로60길 12-1, 1층",053-324-0770,35.9366931210259,128.568652384972
대구광역시,북구,가나안재가노인돌봄센터,"대구광역시 북구 칠곡중앙대로 188, 2층",053-322-2660,35.912695640012,128.548814799581
대구광역시,북구,청인재가노인돌봄센터,대구광역시 북구 칠곡중앙대로 459 4층,053-762-8500,35.9367890952218,128.548773526289
대구광역시,서구,노인의전화재가노인돌봄센터,"대구광역시 서구 국채보상로 356, 3층",053-424-6070,35.8719759733594,128.569978622713
대구광역시,서구,샬롬재가노인돌봄센터,대구광역시 서구 가르뱅이로 16길 9-1(상리동40-5) 2층,053-523-5830,35.8839401099457,128.529025392148
대구광역시,서구,정다운재가노인돌봄센터,대구광역시 서구 고성로93 (2층),053-359-2227,35.8830666431527,128.576540423655
대구광역시,서구,보은재가노인돌봄센터,대구광역시 서구 국채보상로81길 40,053-521-0740,35.8753203242188,128.575386190388
대구광역시,수성구,달구벌재가노인돌봄센터,대구 수성구 고산로4안길 59 (신매동) 드림빌 203호,053-793-6938,35.8308303695763,128.704677767928
대구광역시,수성구,대구시지 재가노인돌봄센터,"대구광역시 수성구 달구벌대로647길 7, 203호 신매동 경일건설빌딩",053-794-8090,35.839755615832,128.710328233877
대구광역시,수성구,마야재가노인돌봄센터,대구광역시 수성구 공경로 55 B동 지하1층,053-719-4593,35.8724294343368,128.643157935389
대구광역시,수성구,홀트대구종합사회복지관,대구광역시 수성구 달구벌대로 488길 13 2층,053-746-7501,35.8575712800514,128.629665914444
대구광역시,수성구,예원재가노인돌봄센터,"대구광역시 수성구 용학로 2,4층",053-762-7520,35.8251556681062,128.610375074821
대구광역시,수성구,화성재가노인돌봄센터,대구광역시 수성구 수성로 64 202호,053-768-1183,35.8310968497964,128.611315238642
대구광역시,수성구,선한이웃재가노인돌봄센터,대구광역시 수성구 들안로365 창일빌딩4층,053-793-3467,35.8627226707297,128.617604269588
대구광역시,중구,남산종합사회복지관,대구광역시 중구 남산로7길 80,053-254-2562,35.8603043859402,128.57925385205
대구광역시,중구,어르신마을재가노인돌봄센터,대구 중구 서성로 96 (수창동),053-421-0881,35.875226343861,128.58811192143
대구광역시,중구,삼덕재가노인돌봄센터,"대구광역시 중구 공평로 22, 삼덕교회60주년기념관 8층",053-423-3279,35.8660534422513,128.6003039976
인천광역시,강화군,강화군청(사회복지과),"인천광역시 강화군 강화읍 북문길11-1 , 3층302호",032-930-3396,37.7482959754492,126.484482138801
인천광역시,계양구,구립계산노인복지센터,인천광역시 계양구 경명대로980(계산동)5층,032-556-5627,,
인천광역시,계양구,다사랑재가노인지원서비스센터,"인천 계양구 경명대로 1077 (계산동, 로얄프라자) 5층",032-554-8274,37.5436449865,126.72666531411
인천광역시,계양구,계양푸른빛재가노인지원서비스센터,"인천광역시 계양구 경명대로 1138, 동남 B/D 302호",032-552-3080,37.5427986134175,126.733295149661
인천광역시,남동구,남동구노인복지관,인천광역시 남동구 문화서로62번길 13,032-435-1950,37.4510095613714,126.697248149887
인천광역시,남동구,만수종합사회복지관,인천광역시 남동구 담방로 105 2층,032-463-8161,37.450427875322,126.739894177193
인천광역시,남동구,논현종합사회복지관,인천광역시 남동구 호구포로 292 2층 맞춤돌봄서비스 사무실,032-446-9339,37.408163891209,126.713242039017
인천광역시,동구,성언의집재가노인지원서비스센터,인천광역시 동구 화도진로79번길10,032-772-1664,37.4789291931794,126.630226286642
인천광역시,동구,동구노인복지관,인천광역시 동구 샛골로177,032-761-3677,37.4783659426438,126.644482649913
인천광역시,미추홀구,대한어머니회 재가노인지원서비스센터,"인천광역시 미추홀구 독배로 443, 280호(숭의동, 삼화복합빌딩)",032-868-9207,37.4588358957781,126.648151190326
인천광역시,미추홀구,인천재가노인지원서비스센터,"인천광역시 미추홀구 매소홀로386번길 32, 3층",032-872-9088,37.4386322919407,126.664545798285
인천광역시,미추홀구,실업극복인천본부실버센터,인천 미추홀구 인주대로 409-1 (주안동),032-872-3078,37.4516587291649,126.682111511796
인천광역시,미추홀구,미추홀재가노인지원서비스센터,"인천 미추홀구 염창로 97 (주안동, 미추홀종합사회복지관)1층 미추홀재가노인지원서비스센터",032-876-8182,37.4655984652151,126.684955750333
인천광역시,부평구,인천부평남부지역자활센터,"인천광역시 부평구 후정동로6,2층 (삼산동)부평구자활타운",032-291-3500,37.517796781081,126.738080853887
인천광역시,부평구,부평구노인복지관,인천광역시 부평구 굴포로114(삼산동) 부평구노인복지관 1층 사무실,032-526-4447,37.5111517865363,126.733800274148
인천광역시,부평구,정다운노인요양센터,인천 부평구 평천로 290 (갈산동) 원츠프라자 3층 302호,032-521-4457,37.5164945173625,126.722552000536
인천광역시,서구,연희노인문화센터,인천광역시 서구 승학로 263,032-569-7351,37.5462217518504,126.672127636972
인천광역시,서구,서구노인복지관,인천광역시 서구 신석로 121번길 10 2층 사무실,032-582-4071,37.5107633611096,126.676054300932
인천광역시,서구,가좌노인문화센터,인천광역시 서구 장고개로387(가좌동),032-581-7074,37.4955895679305,126.691220668039
인천광역시,서구,검단노인복지관,인천광역시 서구 검단로 502번길 15-1 검단노인복지관 2층 사무실,032-561-0129,37.6022444935265,126.660881204893
인천광역시,연수구,연수구재가노인복지센터,인천광역시 연수구 함박뫼로 194(연수3동 580),032-811-1230,37.421102446066,126.687762606544
인천광역시,연수구,청학노인복지관,"인천 연수구 청학로12번길 53 (청학동, 청학 노인복지관)",032-831-7131,37.4276771483752,126.666613980821
인천광역시,옹진군,옹진군청,"인천광역시 매소홀로 120, 옹진군청 3층 복지지원실 노인복지팀",032-899-2326,37.4465704652678,126.636745389227
인천광역시,중구,중구재가노인지원서비스센터,인천광역시 중구 우현로 3 범진빌딩 4층,032-764-5221,37.4685632753089,126.625324659412
광주광역시,광산구,하남종합사회복지관,광주광역시 광산구 월곡산정로12,062-951-0701,35.1663171496993,126.803870190698
광주광역시,광산구,송광종합사회복지관,광주광역시 광산구 우산로 17,062-941-8248,35.1598237676421,126.804146670316
광주광역시,광산구,원광효도복지센터,광주 광산구 광산로45번길 10 (송정동),062-945-3513,35.1400716765166,126.796290008033
광주광역시,광산구,하남효사랑,"광주 광산구 손재로 458 (오선동), 2층 (사)하남효사랑",062-952-9506,35.2065674248533,126.795347211311
광주광역시,남구,남구노인복지관,광주광역시 남구 대남대로308번길 32,062-674-5666,35.1416902126666,126.897067662777
광주광역시,남구,광주공원노인복지센터,광주광역시 남구 서오층석탑2길 1 광주공원노인복지센터,062-674-3374,35.1462905337093,126.907515921171
광주광역시,남구,로뎀노인복지센터,"광주 남구 대남대로308번길 27 (월산동, 만생약국)",062-363-9214,35.1411353197748,126.896521457495
광주광역시,동구,C.C.C.동구노인복지센터,광주광역시 동구 동명로20번길8,062-232-4950,35.1505277998527,126.924072016277
광주광역시,동구,빛고을종합사회복지관,"광주 동구 천변좌로 656 (용산동, 빛고을종합사회복지관)",062-234-4563,35.1256307985445,126.929574213363
광주광역시,북구,우산종합사회복지관,광주광역시 북구 중문로 55 2층 우산종합사회복지관내 노인맞춤돌봄사무실,062-266-3851,35.1780016624563,126.91878794625
광주광역시,북구,각화종합사회복지관,"광주광역시 북구 군왕로 207번길 6, 각화종합사회복지관",062-265-1052,35.1796529841534,126.935649515811
광주광역시,북구,무등종합사회복지관,"광주광역시 북구 삼정로 10,두암주공4단지 관리사무실 2층",062-268-0093,35.16305391269,126.93731614786
광주광역시,북구,북구노인종합복지관,"광주광역시 북구 군왕로130번길 30 (두암동, 북구노인종합복지회관)",062-266-7727,35.1723589620334,126.934360809872
광주광역시,북구,효령노인복지타운,광주광역시 북구 하서로 950,062-603-9988,35.2406952964588,126.91233811354
광주광역시,북구,참빛요양원,광주 북구 서강로67번길 24-21(운암동) 참빛요양원,062-515-1547,35.1787004641089,126.869722659086
광주광역시,서구,광주서구노인종합복지관,광주광역시 서구 군분2로 55,062-365-9688,35.1579717196824,126.880616140858
광주광역시,서구,쌍촌종합사회복지관,"광주광역시 서구 쌍학로 47, 3층",062-385-4501,35.1473817149178,126.868831347988
광주광역시,서구,금호종합사회복지관,광주광역시 서구 운천로32번길 23,062-376-3017,35.1371575243995,126.862130071855
광주광역시,서구,시영종합사회복지관,"광주 서구 화정로 87 (쌍촌동, 시영아파트) 시영종합사회복지관 2층 노인맞춤돌봄서비스",062-372-0360,35.1451734524475,126.866831088232
대전광역시,대덕구,대덕구노인종합복지관,대전광역시 대덕구 계족로740번길 80,042-627-0767,36.3782574602138,127.43143714386
대전광역시,대덕구,법동종합사회복지관,대전광역시 대덕구 계족로664번길 27,042-633-0239,36.370948007232,127.431305739395
대전광역시,대덕구,대덕종합사회복지관,대전광역시 대덕구 덕암로 234번길 44 대덕종합사회복지관 2층,042-936-7343,36.4401859421267,127.426543301741
대전광역시,동구,동구 정다운어르신복지관,대전광역시 동구 충정로 53-30,042-626-2736,36.3464792247275,127.456341178791
대전광역시,동구,동구행복한어르신복지관,대전광역시 동구 동부로 23,042-282-5910,36.3194178923916,127.45632792064
대전광역시,동구,선우노인복지센터,대전광역시 동구 신기로 109-22(가오동) 선우노인복지센터,042-273-0045,36.3112082562661,127.457718238241
대전광역시,동구,금성노인복지센터,"대전광역시 동구 우암로 139-3, 1층",042-626-7530,36.3396519502807,127.433287029422
대전광역시,서구,유등노인복지관,대전광역시 서구 도솔로 182,042-528-0890,36.326914568046,127.374244953937
대전광역시,서구,대전서구지역자활센터,대전광역시 서구 계룡로 676 주원빌딩 5층,042-527-1654,36.3359324693881,127.395460313951
대전광역시,서구,대전서구노인복지관,대전광역시 서구 남선로 66,042-488-6297,36.3462303652179,127.397991198843
대전광역시,서구,관저종합사회복지관,"대전광역시 서구 구봉로 13, 2층 사무실",042-545-6810,36.2983359293451,127.325372520858
대전광역시,서구,서구종합재가센터,"대전 서구 한밭대로592번길 6 (월평동, 장인빌딩) 201호",042-331-8995,36.3577108905728,127.364399386073
대전광역시,서구,노인전문요양원 해피존,대전광역시 서구 정각길 200-64,000-000-0000,36.241438441114,127.355777387472
대전광역시,서구,실버누리요양원,대전 서구 흑석2길 37 (흑석동),042-583-2778,36.2556272866513,127.342044691441
대전광역시,유성구,유성노인복지센터,대전광역시 유성구 수통골로71번길 10(유성노인복지센터),042-823-7440,36.3468209738615,127.292873255537
대전광역시,유성구,유성구노인복지관,대전광역시 유성구 가정로 15 유성구노인복지관,042-862-4634,36.3845482889244,127.344025582837
대전광역시,중구,대전광역시노인복지관,대전광역시 중구 테미로 26 대전광역시노인복지관 3층 사무실,042-242-3100,36.3207357250744,127.420850614055
대전광역시,중구,대전노인복지센터,대전광역시 중구 수침로 89 대전노인복지센터 2층,042-283-1004,36.3274178794106,127.399254341406
대전광역시,중구,한빛재가노인복지센터,대전 중구 보문산로245번길 14 (문화동) 1층 한빛재가노인복지센터,042-582-8868,36.3082275368268,127.406262981875
대전광역시,중구,샛별재가노인복지센터,대전 중구 테미로 26 (대흥동) 1층 샛별재가노인복지센터,042-221-9988,36.3207357250744,127.420850614055
울산광역시,남구,디딤돌재가노인지원서비스센터,울산 남구 중앙로 274 (신정동) 4층,052-961-1001,35.5452876274449,129.310419284597
울산광역시,남구,도산노인복지관,울산광역시 남구 대암로129번길 4,052-265-5221,35.5299241021124,129.32987281105
울산광역시,남구,선암호수노인복지관,울산광역시 남구 선암호수길150,052-268-6080,35.5146991393619,129.318785937148
울산광역시,동구,울산동구종합사회복지관,울산광역시 동구 봉수로 155,052-236-1465,35.5050697141115,129.416430035757
울산광역시,동구,울산동구노인복지관,울산광역시 동구 명덕 6길 33,052-252-2118,35.5246173243772,129.431463857277
울산광역시,북구,울산북구노인복지관,울산광역시 북구 동대8길 40,052-296-3901,35.6312699147173,129.353896104184
울산광역시,북구,한울타리재가노인지원서비스센터,울산광역시 북구 상방로 147 보성빌딩 5층,052-288-8430,35.5839431599969,129.366187764266
울산광역시,울주군,행복누리재가노인지원서비스센터,울산광역시 울주군 두서면 인보로 94,052-263-5511,35.6430274098906,129.159380160073
울산광역시,울주군,울산노인요양원,"울산광역시 울주군 언양읍 방천8길 5, 2층",052-263-3304,35.5671184448897,129.11240139736
울산광역시,울주군,행복한재가노인지원서비스센터,울산 울주군 언양읍 읍성로 91-1,052-263-5335,35.570647489257,129.11926378369
울산광역시,울주군,울주재가노인지원서비스센터,울산광역시 울주군 온양읍 남창로 449,052-238-9191,35.4181120290102,129.276812221522
울산광역시,중구,장수재가노인지원서비스센터,"울산광역시 중구 학성로 116, 4층",052-900-0072,35.5555308660318,129.323697622985
울산광역시,중구,울산중구재가노인지원서비스센터,울산광역시 중구 난곡10길 22,052-223-1322,35.5562374811577,129.279123907612
울산광역시,중구,국민재가노인지원서비스센터,울산 중구 옥교로 105 (학성동) 3층,052-295-1300,35.5517982238235,129.335458567709
경기도,가평군,청평노인복지관,경기 가평군 청평면 은고개로 39 (청평호반 문화체육센터) 2층,031-582-8879,37.7392044186789,127.424347195003
경기도,고양시,덕양노인종합복지관,경기도 고양시 덕양구 어울림로49(화정동 846),031-969-7781,37.6484445637052,126.836684542238
경기도,고양시,원당종합사회복지관,경기도 고양시 덕양구 호국로716번길 13-11,031-966-4007,37.6515815644738,126.832861203089
경기도,고양시,덕양행신종합사회복지관,경기도 고양시 덕양구 서정마을 2로 13,031-839-6000,37.6213822559342,126.847126375217
경기도,고양시,고양시삼송동종합복지회관,경기도 고양시 덕양구 삼송로 180,02-381-9094,37.6531465406142,126.893908910967
경기도,고양시,효샘재가노인지원서비스센터,경기 고양시 덕양구 토당로104번길 18(토당동),031-970-0361,37.6241556099266,126.818234979591
경기도,고양시,일산노인종합복지관,경기도 고양시 일산동구 호수로 731 지하1층 통합돌봄센터,031-961-4300,37.664447061173,126.760442178221
경기도,고양시,고양시흰돌종합사회복지관,경기도 고양시 일산동구 장백로 61,031-905-3400,37.6430514322098,126.785665153292
경기도,고양시,사회복지법인에벤에셀명지맞춤돌봄센터,경기도 고양시 일산동구 탄중로 421. 401호(중산동. 웅산플라자),070-8161-6195,37.6872043813804,126.779513169797
경기도,고양시,대화노인종합복지관,경기도 고양시 일산서구 일산로 778,031-917-1352,37.674475215614,126.748157774504
경기도,고양시,문촌7종합사회복지관,경기도 고양시 일산서구 킨텍스로340,031-916-4071,37.6744888855796,126.755163550345
경기도,고양시,고양시문촌9종합사회복지관,"경기도 고양시 일산서구 주엽로 156(주엽동, 문촌마을9단지)",031-917-0202,37.67221574667,126.760175997135
경기도,과천시,과천시노인복지관,경기도 과천시 문원로 57,02-502-8500,37.4280642971084,127.004202792322
경기도,광명시,광명시립하안노인종합복지관,경기도 광명시 철망산로 48,02-898-8830,37.468019227054,126.87423250752
경기도,광명시,광명시립 소하노인종합복지관,경기도 광명시 소하로 25 광명시립 소하노인종합복지관 4층 사무실,02-2625-9300,37.4522229067659,126.884969410898
경기도,광주시,북부무한돌봄행복나눔센터,"경기도 광주시 중앙로175번길12,2층",031-798-8760,37.4158307951833,127.255745740753
경기도,광주시,양문교회 양문노인맞춤돌봄센터,경기도 광주시 세피내길 18 양문교회 벧엘관 2층(고산동),031-761-0390,37.371411570538,127.239086199014
경기도,광주시,광주시남부무한돌봄행복나눔센터,경기도 광주시 오포읍 오포로 859번길 29(오포읍 행정복지센터 2층),031-798-8790,37.3661324424325,127.228618601295
경기도,구리시,경기구리지역자활센터,경기도 구리시 동구릉로136번길90 구리농수산물도매시장 청과물동 A동 2층 203호,031-567-6668,37.6159287006955,127.144483011255
경기도,구리시,구리시종합사회복지관,경기도 구리시 벌말로129번길50,031-556-8100,37.5891968699079,127.146389989746
경기도,군포시,군포시늘푸른노인복지관,경기도 군포시 산본천로 101(산본동),031-392-5755,37.3639765724242,126.933103688504
경기도,군포시,성민재가노인복지센터,"경기도 군포시 군포로 487 502호(당동,동영프라자)",031-397-2020,37.3499518382851,126.944107296664
경기도,김포시,김포북부노인복지관,경기도 김포시 통진읍 마송1로 16번길 40-2,031-984-0108,37.6837267882781,126.606895524348
경기도,김포시,김포노인종합복지관,경기도 김포시 사우중로 74번길 48 김포시노인종합복지관,031-997-9300,37.622288057181,126.722611376091
경기도,남양주시,남양주시노인복지관,경기도 남양주시 진건오남로 359,031-573-6598,37.6732997074374,127.197497472489
경기도,남양주시,해피누리 노인복지관,"경기 남양주시 늘을2로 67 (호평동, 호평체육문화센터) 해피누리노인복지관",031-590-3000,37.6588779545358,127.242279677092
경기도,남양주시,남양주시동부노인복지관,경기 남양주시 화도읍 비룡로55번길 14 2층 열림터,031-559-5880,37.6573303933759,127.29999619703
경기도,남양주시,사회적협동조합 일과나눔 도우누리,"경기 남양주시 경춘로 997 (금곡동, 만복빌딩) 1층",031-559-3506,37.6352207815086,127.212405840041
경기도,동두천시,동두천시노인복지관,경기도 동두천시 동두천로 264,031-857-9918,37.90517009826,127.056213370742
경기도,부천시,부천시원미노인복지관,"경기 부천시 부천로136번길 27 (원미동, 원미어울마당2층)",032-322-2260,37.4967327440886,126.787511725122
경기도,부천시,부천시소사노인복지관,"경기도 부천시 경인옛로73, 소사어울마당 3층",032-347-9534,37.480046824707,126.799947687753
경기도,부천시,부천시오정노인복지관,경기도 부천시 성오로 172 오정어울마당 5층,032-683-9290,37.5283486197916,126.796025892767
경기도,부천시,상동종합사회복지관,"경기 부천시 석천로16번길 50 (상동, 상동어울마당)",032-652-0420,37.4888703503898,126.762779350057
경기도,성남시,수정노인종합복지관,"경기도 성남시 수정구 수정남로268번길 28(산성동2178), 수정노인종합복지관 신관 1층 사무실",031-731-3393,37.4509442536746,127.152960637547
경기도,성남시,수정중앙노인종합복지관,경기도 성남시 수정구 성남대로 1480번길 38,031-752-3366,37.461502729552,127.130445916977
경기도,성남시,판교노인종합복지관,경기도 성남시 분당구 판교역로99(백현동)3층 사무실,031-620-2810,,
경기도,성남시,성남시독거노인종합지원센터,"경기도 성남시 분당구 야탑로205번길 26, 성남고령친화종합체험관 219호",031-728-9900,37.4106895726029,127.142949204997
경기도,성남시,태평4동복지회관,"경기 성남시 수정구 공원로409번길 11 (태평동, 태평4동 다목적 복지 회관)",031-751-2993,37.4465324567154,127.143093767678
경기도,수원시,밤밭노인복지관,"경기도 수원시 장안구 상률로 53, 밤밭노인복지관",031-271-8859,37.3063850364568,126.972108299543
경기도,수원시,SK청솔노인복지관,경기도 수원시 장안구 장안로 174(SK청솔노인복지관),031-257-6811,37.2990243954773,126.997397867437
경기도,수원시,버드내노인복지관,경기도 수원시 권선구 권선로 564번길 36,031-898-6544,37.2611282402289,127.012075233907
경기도,수원시,서호노인복지관,경기도 수원시 권선구 구운로4번길 34,031-291-0911,37.278495564425,126.976191954091
경기도,수원시,능실종합사회복지관,"경기도 수원시 권선구 호매실로 166번길 10,능실마을 22단지 내",031-291-8475,37.2584855964346,126.958028826738
경기도,수원시,팔달노인복지관,경기도 수원시 팔달구 수원천로343(북수동),031-248-3800,37.2839498638234,127.017381565324
경기도,수원시,수원재가노인지원서비스센터,경기 수원시 팔달구 월드컵로345번길 2 (우만동)201호(지성빌딩),031-309-9480,37.2885938741194,127.031843106845
경기도,수원시,광교노인복지관,경기도 수원시 영통구 센트럴타운로22,031-8006-7400,37.2896906795402,127.056725366213
경기도,수원시,영통종합사회복지관,"경기 수원시 영통구 반달로 45 (영통동, 영통종합사회복지관) 2층 청명동 노인맞춤돌봄",031-201-8300,37.25070115624,127.07718089276
경기도,수원시,효경의손길 재가노인지원서비스센터,경기 수원시 장안구 경수대로754번길 26-17 (연무동),031-253-0070,37.2916629465283,127.024008426471
경기도,시흥시,시흥재가노인통합지원센터,"경기도 시흥시 오동마을로6번안길 34, 4층 (정왕동,금강빌딩)",031-431-0137,37.3514402400334,126.745571489905
경기도,시흥시,거모종합사회복지관,경기도 시흥시 군자로 466번길 37(3층),031-493-6347,37.344863146042,126.781326919416
경기도,시흥시,함현상생종합사회복지관,경기도 시흥시 함송로 29번길 67,031-434-8040,37.3642636040493,126.737516617751
경기도,시흥시,사회적협동조합 경기시흥작은자리지역자활센터,"경기 시흥시 비둘기공원7길 33, 702호(대야동, 디아망타운 7층)",031-316-2733,37.443015045209,126.792745836313
경기도,안산시,상록구노인복지관,"경기도 안산시 상록구 고잔로 162, 상록구노인복지관 맞춤돌봄사무실",031-402-3073,37.3184757326578,126.844310104518
경기도,안산시,동산노인복지관,경기도 안산시 상록구 석호공원로 8,031-400-8713,37.3014888501045,126.843866327057
경기도,안산시,사회적협동조합양지돌봄,경기도 안산시 상록구 이호로5길7 5층 502호,031-362-5082,37.2877605867659,126.863100181316
경기도,안산시,부곡종합사회복지관,경기도 안산시 상록구 성호로 303,031-417-3677,37.33018055668,126.858865975438
경기도,안산시,안산시와동종합사회복지관,경기도 안산시 단원구 와동로 118,031-475-4321,37.3405987919012,126.827264829892
경기도,안산시,단원구노인복지관,경기도 안산시 단원구 선부광장1로 134,031-405-1188,37.3322681827288,126.810573678908
경기도,안산시,안산시초지종합사회복지관,경기도 안산시 단원구 원초로76 2층 노인맞춤돌봄,031-410-2151,37.3262262327679,126.805960170499
경기도,안성시,안성시노인복지관,경기도 안성시 장기로 109,031-674-0794,37.0043782166376,127.275099179754
경기도,안성시,파라밀노인복지센터,경기도 안성시 죽산면 녹배길 135 1층 보은당,031-677-3477,37.0660372666548,127.388936961877
경기도,안양시,안양시만안종합사회복지관,경기도 안양시 만안구 박달로 547-1,031-464-9701,37.4029086226811,126.913617961331
경기도,안양시,율목종합사회복지관,경기도 안양시 만안구 병목안로 130번길 166,031-466-9125,37.3931229619638,126.908432546045
경기도,안양시,성결재가노인지원서비스센터,경기도 안양시 동안구 경수대로 938 6층 602호,031-425-6828,37.3991126233817,126.933080375783
경기도,안양시,안양시노인종합복지관,경기도 안양시 동안구 경수대로 665번길 74-30,031-455-0551,37.3799123874045,126.950947229227
경기도,양주시,열린노인복지센터,"경기도 양주시 백석읍 고릉말로 26, 열린노인복지센터(2층",031-829-2091,37.8021933499418,127.001611257539
경기도,양주시,양주다사랑재가노인지원서비스센터,"경기도 양주시 화합로1402번길 16,1층",031-863-9004,37.8406386711105,127.064259702802
경기도,양주시,성문노인주야간보호센터,경기도 양주시 평화로 1645번길 30,031-858-1850,37.8368605357774,127.05320784446
경기도,양평군,양평군가족센터,경기 양평군 양평읍 중앙로111번길 34-19 양평행복플러스센터2층,031-775-5951,37.4960888623397,127.50534728145
경기도,양평군,양평군노인복지관,경기도 양평군 양평대교길4번길 5,031-775-8061,37.4879011901517,127.491234208129
경기도,여주시,여주시노인복지관,경기도 여주시 여흥로 160번길 27,031-881-0050,37.2936195481934,127.64063563297
경기도,여주시,강북권역 노인맞춤돌봄서비스센터,경기도 여주시 세종로 319-1 3층,031-883-9101,37.269102493496,127.63836739081
경기도,여주시,금사권역 노인맞춤돌봄서비스센터,"경기도 여주시 대신면 여양로 1980, 3층",031-883-9105,37.4030040835498,127.54613916432
경기도,여주시,가남반석재가노인지원서비스센터,경기도 여주시 은봉길 116-29,031-884-8359,37.186348698369,127.549307255071
경기도,연천군,연천군노인복지관,경기도 연천군 연천읍 문화로 108번길 11 연천군노인복지관,031-834-6080,38.1035086700271,127.078908552867
경기도,오산시,오산의료소비자생활협동조합,"경기도 오산시 청학로95, 대아빌딩302호(궐동,대아빌딩)",031-378-3640,37.1575933492002,127.064421504018
경기도,오산시,오산종합사회복지관,경기도 오산시 현충로104,031-378-2740,37.1599740139274,127.077406712929
경기도,용인시,인보노인복지센터,경기도 용인시 처인구 포곡읍 백옥대로 1832번길 50,031-339-9146,37.2885133050062,127.240149853175
경기도,용인시,용인대학교 사회봉사센터,경기도 용인시 처인구 용인대학로 134 용인대학교 사회봉사센터,031-8020-3394,37.2278788825761,127.170724286597
경기도,용인시,용인시처인노인복지관,경기도 용인시 처인구 중부대로 1199 문화복지행정타운 내 용인시처인노인복지관,031-334-9301,37.2408673320851,127.177968367739
경기도,용인시,용인시 기흥노인복지관,경기도 용인시 기흥구 산양로 71(신갈동),031-284-8852,37.2878708475638,127.11169833821
경기도,용인시,사회적협동조합 용인도우누리,"경기도 용인시 기흥구 동백중앙로 191, 603호(중동, 씨티프라자 6층)",031-8067-8036,37.2708724889333,127.152954583898
경기도,용인시,루터대학교용인노인복지센터,경기도 용인시 기흥구 금화로82번길20 루터대학교 용인노인복지센터,031-283-6336,37.2644343800955,127.113373362229
경기도,용인시,구성농협재가노인복지센터,"경기도 용인시 기흥구 구성로 40, 구성농협 2층",031-8005-1922,37.2942485770545,127.114054849065
경기도,용인시,(사)여럿이함께,"경기 용인시 수지구 죽전로 150 (죽전동, 단대프라자3) 4층, 403호 (사)여럿이함께 노인맞돌서비스",031-283-0873,37.3239455632056,127.12429335936
경기도,용인시,용인시수지노인복지관,"경기도 용인시 수지구 포은대로 435, 수지복지센터 2층 통합사무실",031-270-0000,37.3222547517517,127.097821923386
경기도,의왕시,아름채노인복지관,경기도 의왕시 문화공원로 47,031-427-0580,37.3427746037469,126.972502360465
경기도,의왕시,사랑채노인복지관,경기도 의왕시 복지로109 의왕시사랑채노인복지관 2층 종합사무실,031-425-3676,37.3875275741481,126.981610788774
경기도,의정부시,신곡노인종합복지관,경기도 의정부시 금신로297번길 38,031-840-5300,37.7431856911663,127.063524219229
경기도,의정부시,송산노인종합복지관,경기도 의정부시 용민로 99,031-852-2595,37.7388886171301,127.088758175165
경기도,의정부시,녹양종합사회복지관,"경기 의정부시 체육로 254 (녹양동, 녹양종합사회복지관)",031-826-8260,37.7608656787104,127.035589424085
경기도,의정부시,나눔의샘재가노인지원서비스센터,경기 의정부시 부용로210번길 15 (신곡동) 1층,031-851-5695,37.7494210413147,127.078857046638
경기도,이천시,이천시노인종합복지관,경기도 이천시 남천로 31 종합복지타운 본관2층,031-636-0190,37.2782750189037,127.441087194121
경기도,파주시,파주시문산종합사회복지관,경기도 파주시 문산읍 통일로 1680 문산행복센터(내) 파주시문산종합사회복지관,031-934-2000,37.8567514191814,126.791015509576
경기도,파주시,파주시은빛사랑채,경기도 파주시 법원읍 술이홀로 832 파주시은빛사랑채 2층,031-958-1453,37.8468865836236,126.869155388719
경기도,파주시,파주시노인복지관,경기도 파주시 가나무로 130(금능동 428번지),031-943-0730,37.7538448151633,126.779827786165
경기도,평택시,평택노인복지센터,경기도 평택시 비전3로 15 평택노인복지센터,031-657-8072,37.00137658091,127.102323691612
경기도,평택시,안중소규모요양시설,경기도 평택시 안중읍 안중로 69,031-686-6855,36.9878853508202,126.924588713538
경기도,평택시,평택북부노인복지관,경기도 평택시 서정로 295번지 북부복지타운 3층,031-615-3935,37.0657140952409,127.066497316394
경기도,포천시,포천시무한돌봄희망복지센터,경기도 포천시 영중면 양문로 151 2층,031-534-5163,38.0057082859926,127.245488570843
경기도,포천시,포천나눔의집 돌봄센터,경기도 포천시 신북면 중앙로 207번길 23,031-535-1044,37.904759407751,127.206184412356
경기도,포천시,포천시노인복지관,"경기도 포천시 소흘읍 솔모루로109번길 13, 송우메가프라자 2층 노인복지관",031-8083-7777,37.8310308775319,127.147471028875
경기도,하남시,영락재가노인지원서비스센터,경기도 하남시 안터로 55-1,031-794-9368,37.5463014251742,127.185195106814
경기도,화성시,화성시동탄노인복지관,경기도 화성시 동탄대로8길 36 C동 1층,031-8077-1888,37.1705478510153,127.110456650019
경기도,화성시,화성시서부노인복지관,"경기도 화성시 남양읍 시청로 155, 모두누림센터4층, 화성시서부노인복지관",031-8077-2605,37.1989032479055,126.828667183456
경기도,화성시,화성시남부노인복지관,경기도 화성시 향남읍 토성로 37-22,031-366-5678,37.1282152700459,126.937441648543
경기도,화성시,화성시서부종합사회복지관,경기도 화성시 송산면 사강로 145,031-366-7390,37.2130268501678,126.732023509647
강원도,강릉시,사회적협동조합마음별,"강원도 강릉시 홍제로 63-1, 4층",033-642-3438,37.7532280037185,128.885241542876
강원도,강릉시,강릉자활종합돌봄센터,강원 강릉시 홍제로71번길 24 (홍제동),033-643-4101,37.753303613957,128.881915155292
강원도,강릉시,기쁨가득사회적협동조합,강원 강릉시 옥천로19번길 27 (옥천동) 2층,033-646-9669,37.7558359635095,128.900882481563
강원도,고성군,고성군노인복지관,강원도 고성군 간성읍 간성로67번길 13,033-682-8000,38.3783104377139,128.467707349835
강원도,동해시,동해시노인종합복지관 U-Care센터,"강원 동해시 선돌길 19 (단봉동, 동해시 u-care 센터)",033-533-1155,37.480723462176,129.124511083615
강원도,삼척시,삼척시종합사회복지관,강원도 삼척시 원당로2길 72-6 노인맞춤돌봄서비스사업팀(3층),033-576-0923,37.437405692905,129.152860025604
강원도,삼척시,삼척시노인복지관,강원도 삼척시 봉황로 85 삼척시노인복지관,033-575-1389,37.4456401487552,129.171573774627
강원도,속초시,속초시노인복지관,강원 속초시 동해대로 4219 (교동) 2층,033-633-3341,38.1960681139301,128.577106441298
강원도,속초시,속초U-care센터,강원도 속초시 동해대로3930번길 24-3 (조양동),033-635-0091,38.1854780144588,128.60302915783
강원도,양구군,사회복지법인 아름다운동행,강원 양구군 국토정중앙면 정중앙로 294,033-481-2417,38.0826613026235,128.023403258854
강원도,양구군,양구사랑나눔복지회,강원도 양구군 양구읍 양구새싹로 7-11,033-482-0999,38.1024520118423,127.986466937342
강원도,양양군,낙산노인복지센터,강원도 양양군 강현면 고래골길 109,033-672-9800,38.1052210926538,128.601940389827
강원도,양양군,행복노인복지센터,강원도 양양군 양양읍 북문길 35-11,033-673-2341,38.0793624336687,128.621135698126
강원도,영월군,영월돌봄사회적협동조합,강원도 영월군 영월읍 단종로 113,033-373-2581,37.1918376012216,128.462149212408
강원도,영월군,영월군사회복지협의회,강원도 영월군 영월읍 봉래산로 189,033-373-0199,37.1997410473272,128.473807510825
강원도,원주시,원주가톨릭노인복지센터,"강원도 원주시 봉산로 103, 3층 원주가톨릭노인복지센터",033-744-0677,37.3447685771608,127.965523031602
강원도,원주시,명륜종합사회복지관,강원도 원주시 예술관길 25,033-762-8131,37.3326743561815,127.942150895589
강원도,원주시,원주종합사회복지관,강원도 원주시 육판길 1,033-732-4006,37.3562755187832,127.956566147425
강원도,원주시,밥상공동체종합사회복지관,강원도 원주시 일산로 81-2,033-766-4933,37.3464809258329,127.951870347898
강원도,인제군,인제군사회복지관,강원도 인제군 인제읍 비봉로44번길 100. 인제군사회복지관2층,033-461-0660,38.0606741075982,128.164952014237
강원도,정선군,정선군 사회복지협의회,강원도 정선군 정선읍 녹송4길 71,033-562-2446,37.384067478284,128.673883270079
강원도,철원군,철원군사회복지협의회,강원도 철원군 갈말읍 삼부연로 28번길 27,033-452-4567,38.144793502779,127.31186046164
강원도,철원군,엘림노인복지센터,강원도 철원군 동송읍 이평2로 31,033-455-4610,38.2071769476048,127.222779537412
강원도,춘천시,춘천동부노인복지관,"강원도 춘천시 동면 세실로 250, 춘천동부노인복지관 지하 독거노인돌봄서비스센터",033-255-8866,37.8798951701837,127.757874010167
강원도,춘천시,춘천남부노인복지관,강원도 춘천시 방송길 86,033-241-5601,37.8679180769879,127.71895328215
강원도,춘천시,춘천북부노인복지관,강원도 춘천시 충열로 124(우두동),033-255-9877,37.9039282172186,127.739128242384
강원도,춘천시,춘천효자종합사회복지관,강원도 춘천시 공지로 234-16,033-261-1790,37.8639492490438,127.739054442473
강원도,태백시,태백노인복지센터,"강원도 태백시 황지로99, 3층",033-553-9425,37.1676850311546,128.991734914785
강원도,태백시,24시 행복한복지센터,강원 태백시 문화로 67 (황지동),033-552-3455,37.166598482825,128.993532201308
강원도,평창군,평창노인복지센터,강원 평창군 평창읍 종부로 61,033-334-0116,37.3604916756671,128.388850884702
강원도,홍천군,홍천군노인복지관,강원도 홍천군 홍천읍 태학여내길 80-3,033-430-8700,37.7129013458118,127.907281118609
강원도,홍천군,홍천군종합사회복지관,강원 홍천군 홍천읍 너브내길 123 (홍천군종합사회복지관),033-436-3004,37.6917575296983,127.891458514109
강원도,화천군,화천군청,강원도 화천군 화천읍 화천새싹길45 화천군청 주민복지과 경로복지계,033-440-2349,38.1056248184183,127.707929370692
강원도,횡성군,횡성노인복지센터,강원도 횡성군 둔내면 둔내로 93,033-344-7173,37.5118574828718,128.220769443469
강원도,횡성군,(사)횡성한마음복지회,"강원 횡성군 횡성읍 문화체육로 62, 2층",033-345-2875,37.4954087013375,127.989324141205
충청북도,괴산군,괴산군청,충청북도 괴산군 괴산읍 읍내로3길 11 괴산군노인맞춤돌봄센터,043-832-8307,36.8061706707662,127.791526715482
충청북도,단양군,단양도우누리사회적협동조합,충북 단양군 단양읍 삼봉로 233 (2층),043-423-8355,36.9780236125615,128.366623923976
충청북도,보은군,보은군노인장애인복지관,충청북도 보은군 보은읍 뱃들4길 11-10,043-544-5446,36.4883642443476,127.723923323295
충청북도,영동군,영동군노인복지관,충청북도 영동군 영동읍 반곡동길 13,043-742-7784,36.1684786060145,127.775245769931
충청북도,영동군,영동군사회복지협의회,충청북도 영동군 영동읍 눈어치1로 71 사원아파트상가 1층,043-745-2104,36.1894871071779,127.776611874509
충청북도,옥천군,옥천군노인장애인복지관,충청북도 옥천군 옥천읍 삼양로8길 9,043-733-2500,36.3046043562385,127.569895208708
충청북도,음성군,음성군노인복지관,충청북도 음성군 금왕읍 백야로14,043-883-2470,36.987296149872,127.596410684106
충청북도,음성군,음성군사회복지협의회,"충북 음성군 음성읍 중앙로40번길 9-1 더테라스시티 201호,202호",043-872-8288,36.9283449356465,127.690101623997
충청북도,제천시,제천시노인종합복지관,"충북 제천시 의림대로 174 (중앙로2가, 노인 종합복지관)",043-652-3457,37.1427445657144,128.213623643748
충청북도,제천시,명락노인종합복지관,충청북도 제천시 내제로 5길 12,043-648-3337,37.1327689569799,128.203446741853
충청북도,제천시,제천종합사회복지관,"충북 제천시 용두대로23길 14 (하소동, 하소주공4단지아파트)",043-644-2983,37.146241676093,128.197258807033
충청북도,증평군,삼보사회복지관,충청북도 증평군 증평읍 창신로85 1층,043-836-6040,36.7785194497663,127.581287595871
충청북도,증평군,증평지역자활센터,"충청북도 증평군 증평읍 중동길8, 3층",043-838-9231,36.7836656741087,127.582515960311
충청북도,진천군,진천군노인복지관,충청북도 진천군 진천읍 문화7길 12-6,043-533-2715,36.8607636244342,127.440075668272
충청북도,진천군,생거진천노인복지센터,충청북도 진천군 문백면 문덕1길 63,043-532-9969,36.8440108100122,127.456462267555
충청북도,청주시,청주시독거노인통합지원센터,충청북도 청주시 상당구 단재로 395,043-287-1441,36.5954880995221,127.506417816079
충청북도,청주시,청주서원노인복지관,충청북도 청주시 서원구 원흥로 11-10,043-238-3786,36.6074662791354,127.470297509201
충청북도,청주시,청주가경노인복지관,충청북도 청주시 흥덕구 서부로 1225 청주가경노인복지관,043-236-0111,36.61174516461,127.436736090875
충청북도,청주시,우암소규모노인종합센터,충청북도 청주시 흥덕구 무심서로1099번길 130 (청주시 흥덕구 원평동 108-1번지),043-215-2496,36.6743826442097,127.443683277761
충청북도,청주시,사회적협동조합 휴먼케어,충북 청주시 청원구 충청대로 93 (율량동) 3층,043-212-9194,36.6648252776589,127.492876352809
충청북도,청주시,목령종합사회복지관,충청북도 청주시 청원구 오창읍 중심상업2로 32,043-216-3060,36.7123630366382,127.433204453496
충청북도,충주시,충주시노인복지관,충청북도 충주시 대가미13길 20,043-857-8683,36.9805912468457,127.926455373092
충청북도,충주시,사회적협동조합 충주돌봄,충북 충주시 예성로 130 (용산동) 2층,043-855-2890,36.9685286463052,127.933772805308
충청남도,계룡시,계룡시노인복지관,충청남도 계룡시 금암로 182,042-841-2103,36.2723275266786,127.259089066304
충청남도,공주시,금강종합사회복지관,충청남도 공주시 우금티로 709-14,041-856-6110,36.4480944866241,127.134018086343
충청남도,공주시,공주시노인종합복지관,충청남도 공주시 당간지주길 7,041-852-8861,36.4523157293267,127.121908140585
충청남도,공주시,공주노인복지센터,충청남도 공주시 한적2길 41-20 2층,041-853-6700,36.4782355107897,127.139366999485
충청남도,공주시,공주효센터,충충청도 논산시 노성면 화곡안길 103 (지장정사) 기와집 1층,041-732-5550,,
충청남도,금산군,금산군청,충청남도 금산군 금산읍 인삼광장로 30 금산인삼관 3층,041-750-2487,36.100015077772,127.500730281548
충청남도,논산시,논산시어르신돌봄센터,충남 논산시 해월로144번길 37 (반월동),041-746-5802,36.2026109855591,127.084572318117
충청남도,당진시,당진시노인복지관,충청남도 당진시 시청1로 38 당진시노인복지관,041-360-3100,36.8916503203608,126.643443883053
충청남도,당진시,당진시남부노인복지관,충청남도 당진시 합덕읍 예덕로 411,041-363-5330,36.8109273871775,126.765521993642
충청남도,당진시,송산종합사회복지관,충청남도 당진시 송산면 장갈길 15,041-353-7306,36.9346357492076,126.679309557957
충청남도,보령시,보령댐노인복지관,충청남도 보령시 미산면 판미로 1471 2층,041-931-8490,36.2902898935948,126.675362193638
충청남도,보령시,보령노인종합복지관,충청남도 보령시 대천로 113(죽정동),041-931-7677,36.3560491700021,126.603898273425
충청남도,보령시,보령지역자활센터,충청남도 보령시 원동1길 95(2층),041-936-8509,36.3503044862633,126.600173193754
충청남도,부여군,부여노인복지센터,충청남도 부여군 부여읍 청마로 93,041-836-3605,36.2826045488657,126.951321949473
충청남도,부여군,법인사무실(석성제일교회),충청남도 부여군 규암면 흥수로853번길 6,041-837-6868,36.2746677420541,126.875069471688
충청남도,부여군,부여돌보미사회적협동조합,충청남도 부여군 부여읍 금성로 16 (106호),041-833-1887,36.2754213210765,126.91694244442
충청남도,서산시,서산노인복지센터,충청남도 서산시 도성로369-7(가동 1층),041-669-9331,36.8905915560945,126.413071420843
충청남도,서산시,엘림재가노인복지센터,충청남도 서산시 쌍연북3길 33(엘림재가노인복지센터 3층),041-664-0661,36.787724654016,126.467623319758
충청남도,서천군,서천노인복지센터,충청남도 서천군 서천읍 구암신송로 138-16,041-952-3500,36.0826126314214,126.671547841733
충청남도,서천군,서천군노인복지관,충청남도 서천군 종천면 충서로 302번길 88-26,041-950-1201,36.1107464185825,126.656454499058
충청남도,세종특별자치시,세종시사회서비스원,"세종특별자치시 한누리대로 2107 (보람동, 보람종합복지센터) 2층, 시설운영부",044-850-8153,36.4792978000963,127.292541456389
충청남도,세종특별자치시,세종재가노인지원센터,세종특별자치시 조치원읍 장안길 97-7,044-868-6004,36.5964173972464,127.301029220384
충청남도,세종특별자치시,세종도덕노인복지센터,세종특별자치시 연서면 양대길 52,044-555-9054,36.5940399567755,127.20691474558
충청남도,아산시,아산시노인종합복지관,충청남도 아산시 남산로 10,041-544-1409,36.7820849227382,126.99511510904
충청남도,아산시,아산종합사회복지관,충청남도 아산시 영인면 아산온천로 3번길 8,041-542-2308,36.8540578083966,126.958726980284
충청남도,아산시,온양노인복지센터,충청남도 아산시 모종로 110 (온양노인복지센터),041-543-4411,36.7853947735923,127.029103348972
충청남도,예산군,예산군노인종합복지관,충청남도 예산군 예산읍 벚꽃로 214-11,041-330-2901,36.6995847251257,126.839278384209
충청남도,예산군,좋은재가노인복지센터,충청남도 예산군 예산읍 아리랑로 17 (일성빌딩) 2층,041-333-6080,36.6863777902651,126.831518993558
충청남도,천안시,아우내은빛복지관,충청남도 천안시 동남구 병천면 병천2로 51,041-556-6606,36.7660136814266,127.302098266699
충청남도,천안시,천안시노인종합복지관,충청남도 천안시 서북구 미라11길 16 천안시노인종합복지관 본관,041-571-0860,36.8042797422507,127.129287071432
충청남도,청양군,충남청양지역자활센터,충청남도 청양군 칠갑산로8길9 2층,041-942-4526,36.4499200293307,126.803853953654
충청남도,청양군,청양군재가노인지원센터,충청남도 청양군 정산면 천장호길 69,041-942-0777,36.4103991001105,126.921251449177
충청남도,태안군,태안노인복지관,충청남도 태안군 태안읍 후곡로 79,041-674-0215,36.7459898747837,126.301672804336
충청남도,태안군,안면도노인복지관,충청남도 태안군 안면읍 승언로 16,041-675-9727,36.5173210537013,126.344172344236
충청남도,홍성군,홍성군노인종합복지관,충청남도 홍성군 홍성읍 내포로146번길 30-11 홍성군노인종합복지관,041-631-0960,36.597179121674,126.654108574428
충청남도,홍성군,올리브재가노인종합지원센터,충청남도 홍성군 홍성읍 조양로 75번길 17,041-632-0935,36.6017615505563,126.658437639988
충청남도,홍성군,청로노인종합복지센터,충청남도 홍성군 홍성읍 구항길 337,041-631-3959,36.5876100580948,126.633996416299
전라북도,고창군,고창군장애인복지관,전라북도 고창군 고창읍 전봉준로 88-9,063-562-3777,35.4442878571138,126.682366482526
전라북도,고창군,고창원광노인복지센터,전라북도 고창군 고창읍 천변남로 40 2층,063-562-3880,35.4339416613811,126.696696238522
전라북도,고창군,고창군종합사회복지관,전라북도 고창군 고창읍 전봉준로 88-15,063-563-1111,35.4447415146676,126.683612498143
전라북도,군산시,군산나운종합사회복지관,전라북도 군산시 문화로 36,063-462-7260,35.9694659863082,126.709954990848
전라북도,군산시,군산종합사회복지관,전라북도 군산시 칠성로 59 군산종합사회복지관,063-461-6556,35.9600384864558,126.678158692125
전라북도,군산시,군산노인종합복지관,전라북도 군산시 둔배미길 29(중앙로2가),063-442-4227,35.982935830965,126.715832402233
전라북도,군산시,보은재가노인통합지원센터,전라북도 군산시 임피면 임피2길 73-3,063-453-9998,35.9864133508279,126.853178530484
전라북도,군산시,동부재가노인통합지원센터,전라북도 군산시 서왕길 84-7,063-453-9903,36.0165905191321,126.79311521467
전라북도,군산시,함께하는 재가노인통합지원센터,"전라북도 군산시 두란뜸2길 3 (사정동, 금호타운2단지) 상가 205호",063-453-0884,35.9644718621391,126.75038967594
전라북도,김제시,김제노인복지센터,전라북도 김제시 백산면 소음방2길 19-29 김제노인복지센터,063-548-7005,35.8468599270795,126.932862464087
전라북도,김제시,김제노인종합복지관,전라북도 김제시 하동 1길 79,063-542-5550,35.8147140601818,126.893204852157
전라북도,김제시,성암노인복지센터,전라북도 김제시 입석로 142,063-545-1005,35.7836725651371,126.873851822999
전라북도,남원시,남원사회복지관,"전라북도 남원시 노송로 1255-9, 노암주공아파트 관리사무소 2층",063-631-5253,35.3962494611684,127.376850408868
전라북도,남원시,남원시노인복지관,전라북도 남원시 금동로 50 남원시노인복지관,063-625-9988,35.4030156195054,127.372823174944
전라북도,남원시,지리산노인복지센터,전라북도 남원시 아영면 아백로 352-1,063-625-1900,35.5061658099523,127.611921183144
전라북도,무주군,무주노인종합복지관,전라북도 무주군 무주읍 한풍루로 425 무주노인종합복지관,063-322-1252,36.0055449253399,127.672414828347
전라북도,부안군,부안노인복지센터,전라북도 부안군 부안읍 옹정로 152-4,063-581-1281,35.7019483712863,126.746545903951
전라북도,부안군,부안종합사회복지관,전라북도 부안군 용암로 134,063-580-7600,35.716606842365,126.746227517591
전라북도,순창군,순창군청,전라북도 순창군 순창읍 순창로 127 행복누리센터 2층 독거노인지원센터,063-650-1543,35.3664234188049,127.140656658141
전라북도,순창군,순창지역자활센터,전라북도 순창군 순창읍 교성2길 31,063-653-0920,35.3726235060681,127.137413624989
전라북도,완주군,완주지역자활센터,전라북도 완주군 삼례읍 별산농원길 20,063-232-1377,35.9206524968386,127.09187222703
전라북도,완주군,용진노인복지센터,전라북도 완주군 용진읍 상운길 11-14,063-241-9111,35.8815806629683,127.153272165884
전라북도,완주군,예은노인복지센터,전라북도 완주군 상관면 춘향로 4615-44,063-232-2442,35.7610502351431,127.212910680634
전라북도,완주군,구이노인복지센터,전라북도 완주군 구이면 하학길 37-3,063-222-6085,35.731065166808,127.116518238809
전라북도,완주군,완주노인복지센터,전라북도 완주군 고산면 고산천로 401-6,063-261-4266,35.9729695978871,127.182851958904
전라북도,익산시,원광효도마을노인복지센터,전라북도 익산시 함라면 용산로429 원광효도마을 노인복지센터,063-853-9743,36.0532547499234,126.92004154152
전라북도,익산시,북익산노인복지센터,전라북도 익산시 황등면 동연1길 33,063-855-0066,36.0061770351918,126.931177354909
전라북도,익산시,동행노인복지센터,전라북도 익산시 동서로 349,063-843-1005,35.9504534932656,126.972213716524
전라북도,익산시,익산시노인종합복지관,전라북도 익산시 동서로 103,063-837-7722,35.956883327129,126.945471563656
전라북도,익산시,임마누엘노인복지센터,전라북도 익산시 춘포로 22,063-918-7791,35.9202423026682,126.977972594892
전라북도,익산시,마한노인복지센터,전라북도 익산시 여산면 가람로334,063-832-0055,36.0547930217236,127.086116862001
전라북도,임실군,임실군노인종합복지관,전라북도 임실군 임실읍 운수로 33-46,063-644-4438,35.6146283709049,127.28571530327
전라북도,임실군,사랑요양원,전라북도 임실군 삼계면 충효로 1623-4,063-642-9191,35.5277863886132,127.298954214217
전라북도,장수군,장수군노인장애인복지관,전라북도 장수군 장수읍 노하3길 16,063-353-8286,35.6535137755809,127.517294345486
전라북도,전주시,노인사랑노인복지센터,전라북도 전주시 완산구 남고산성1길 25,063-226-9723,35.805480689032,127.156878341256
전라북도,전주시,중부노인복지센터,전라북도 전주시 완산구 전주객사4길 23-8,063-286-0057,35.8191734748408,127.142686931823
전라북도,전주시,이양재노인종합센터,전라북도 전주시 완산구 서학2길 33,063-282-2277,35.8061626545871,127.150549352737
전라북도,전주시,성예노인복지센터,전라북도 전주시 완산구 삼산길 74-5(삼천동3가),063-221-1312,35.8020671683315,127.076848965568
전라북도,전주시,샬롬노인복지센터,전라북도 전주시 완산구 능안자구길 53-54 샬롬노인복지센터,063-224-8083,35.8009100922374,127.085699071515
전라북도,전주시,효경노인복지센터,전라북도 전주시 완산구 용리로 88,063-227-1360,35.7984783421662,127.119457531971
전라북도,전주시,우리노인복지센터,전라북도 전주시 덕진구 전주천서로 321,063-255-7179,35.821658819769,127.133562205915
전라북도,전주시,즐거운집노인복지센터,전라북도 전주시 덕진구 석소로 74-5(우아동2가),063-714-3535,35.8340985836149,127.168070070739
전라북도,전주시,금암노인복지관,전라북도 전주시 덕진구 삼송1길31,063-253-5728,35.8429133396359,127.134481026473
전라북도,전주시,금암노인복지센터,전라북도 전주시 덕진구 금암 5길 32-5,063-253-6090,35.8401128025892,127.135658539862
전라북도,전주시,엠마오노인복지센터,전라북도 전주시 혁신로 650 3층 엠마오노인복지센터,063-231-5333,35.8698246681784,127.072785965417
전라북도,정읍시,성공회행복노인복지센터,전라북도 정읍시 정읍사로 527,063-535-0252,35.5505628064027,126.862313090529
전라북도,정읍시,정읍시노인복지관,전라북도 정읍시 금붕1길 212,063-538-3607,35.5537935921771,126.8930382704
전라북도,정읍시,하늘향노인복지센터,전라북도 정읍시 신태인읍 정신로 1204,063-571-9008,35.691735817932,126.883034754263
전라북도,정읍시,들꽃마을,전라북도 정읍시 칠보면 칠보중앙로96 태영빌딩 2층 202호,063-537-1313,35.6043692612451,126.991713006979
전라북도,진안군,임마누엘재가노인복지센터,전라북도 진안군 성수면 용포로 166,063-433-8140,35.7070558646346,127.305553158536
전라북도,진안군,진안시니어클럽,전북 진안군 진안읍 진장로 29 (2층),063-433-2233,35.7928324032247,127.434388504502
전라남도,강진군,강진노인맞춤돌봄센터,전라남도 강진군 군동면 석교로 139,061-432-7010,34.6306997034518,126.80780427901
전라남도,고흥군,고흥군사회복지협의회,전라남도 고흥군 고흥읍 신계학림길 39. 고흥어울림센터 1층,061-832-2500,34.6137802306783,127.287951185262
전라남도,고흥군,고흥군노인복지관,전라남도 고흥군 고흥읍 고흥로 1941,061-830-4200,34.6222109507101,127.29424334907
전라남도,곡성군,(복)곡성삼강원,전남 곡성군 곡성읍 군청로 36,061-363-5210,35.2815486471684,127.292871814997
전라남도,곡성군,심청노인복지센터,전라남도 곡성군 옥과면 주산길 45-8 심청노인복지센터(맞돌),061-817-1500,35.2913244137951,127.145670335679
전라남도,광양시,광양시청,전남 광양시 광양읍 백운로 8-3 (광양노인복지관),061-797-2138,34.9705482568507,127.591074642925
전라남도,구례군,구례재가사랑노인복지센터,전라남도 구례군 구례읍 택지 2길 42-6,061-781-9462,35.214430376405,127.460323359827
전라남도,나주시,동신대학교 산학협력단,전라남도 나주시 동신대길 34-15 4층 402호,061-330-2992,35.0533276318812,126.71768526152
전라남도,나주시,고구려대학교노인복지센터,전라남도 나주시 다시면 백호로 125 강의동 111호,061-330-7328,35.0082467713121,126.649142984141
전라남도,담양군,메니노인전문요양원,전라남도 담양군 담양읍 죽향문화로 178-1,061-381-0685,35.3221840022983,126.973283633722
전라남도,담양군,담양군노인복지관,전라남도 담양군 담양읍 죽향문화로 431-33,061-380-1301,35.3335027469346,126.995028830532
전라남도,목포시,하당노인복지관,전라남도 목포시 입암로 20번길 25(상동 942번지),061-285-0582,34.7996928162417,126.418914243419
전라남도,목포시,목포이랜드노인복지관,전라남도 목포시 용당로 161번길 14,061-278-0200,34.8018333157316,126.399226821245
전라남도,목포시,목포시노인복지관,전라남도 목포시 호남로 67번길 5 3층 사무실,061-278-8515,34.7948186746523,126.385991688942
전라남도,무안군,에덴재가노인복지센터,전라남도 무안군 청계면 영산로 1807-63,061-454-7993,34.9178655606966,126.418504672046
전라남도,보성군,보성종합사회복지관,전라남도 보성군 보성읍 동인길 18-6,061-852-9845,34.7705530191596,127.083360286725
전라남도,보성군,보성군노인복지관,전라남도 보성군 벌교읍 신정길 47-23,061-858-8900,34.8455873798815,127.351470101046
전라남도,보성군,보성지역자활센터,전라남도 보성군 득량면 예당길 150-4,061-853-9955,34.7780814225018,127.198714005639
전라남도,순천시,사)지역사랑복지협의회,전라남도 순천시 승주읍 내상로 353,061-755-3726,35.0404686548254,127.373177249735
전라남도,순천시,전남동부밀알선교단,전남 순천시 상사면 오실길 183,061-744-9917,34.9094123863956,127.461587468012
전라남도,순천시,월드비전커뮤니티,전라남도 순천시 해룡면 상성길272,061-724-7459,34.9429551194543,127.5371370166
전라남도,신안군,전남신안지역자활센터,전라남도 신안군 압해읍 복룡로 53 압해도성당 1층,061-271-6602,34.8681660730957,126.307504165271
전라남도,신안군,신안노인복지센터,전라남도 신안군 팔금면 탑목개길 162-10,061-271-4147,34.7832545155566,126.143998730022
전라남도,여수시,여수시노인복지관,전라남도 여수시 학동서4길 58-16,061-685-2381,34.763738814281,127.658965409904
전라남도,여수시,소라종합사회복지관,전라남도 여수시 덕양로 414,061-685-9771,34.7950799233684,127.633266435505
전라남도,여수시,미평종합사회복지관,"전라남도 여수시 미평로 77-1 (미평동, 주공아파트) 미평종합사회복지관",061-652-3457,34.7711404701719,127.70917536348
전라남도,여수시,문수종합사회복지관,전라남도 여수시 여문2로 11-10,061-652-4242,34.749650607785,127.69280808328
전라남도,영광군,비룡노인맞춤돌봄센터,전라남도 영광군 영광읍 물무로 237-15,061-351-3474,35.268616735446,126.516140718697
전라남도,영광군,영광지역자활센터,전남 영광군 영광읍 옥당로 149 401호,061-353-2000,35.2753488399116,126.500977325419
전라남도,영광군,청람노인복지센터,전라남도 영광군 영광읍 옥당로 233-16,061-352-3273,35.2835837177052,126.498962381454
전라남도,영암군,영암지역자활센터,전라남도 영암군 영암읍 새동네길 22-1,061-471-9933,34.7963772131013,126.690706193661
전라남도,영암군,정우재가노인복지센터,전라남도 영암군 서호면 아천새마을길 11,061-472-0303,34.749801770758,126.605593478771
전라남도,완도군,완도지역자활센터,전라남도 완도군 완도읍 군내길 20-1,061-554-1001,34.3117617457566,126.757207844591
전라남도,장성군,장성군청,전라남도 장성군 영천로 200 장성군청 주민복지과,061-390-1989,35.3019123132952,126.78487673217
전라남도,장성군,프란치스꼬의집,전라남도 장성군 진원면 덕주1길 10,061-390-9660,35.2746370894856,126.83162092956
전라남도,장흥군,장흥종합사회복지관,전라남도 장흥군 장흥읍 흥성로 37-24,061-864-4804,34.6754854181254,126.906959871478
전라남도,장흥군,장흥지역자활센터,전라남도 장흥군 장흥읍 흥성로 17,061-862-8266,34.6740027436135,126.906136423056
전라남도,진도군,진도군청,전라남도 진도군 진도읍 철마길 25,061-540-3125,34.4868321091812,126.263576357914
전라남도,함평군,사회복지법인 함평군사회복지협의회,전라남도 함평군 함평읍 함장로 1071(2층),061-324-6337,35.0558582698906,126.513717212738
전라남도,함평군,전남함평지역자활센터,전라남도 함평군 함평읍 함평천좌길 12-8,061-324-9556,35.0614072914158,126.526718587873
전라남도,해남군,해남노인종합복지관,전라남도 해남군 해남읍 서림길 16,061-537-0012,34.5749797664917,126.593912804026
전라남도,해남군,해남종합사회복지관,전라남도 해남군 해남읍 중앙 1로 14-14 해남종합사회복지관,061-534-6777,34.5714900655383,126.606838448168
전라남도,화순군,화순지역자활센터,전라남도 화순군 화순읍 대교로 11,061-375-7240,35.0635719223406,126.980445859734
전라남도,화순군,나드리노인복지관,전라남도 화순군 화순읍 학포로 2642,061-371-1166,35.0460316967943,126.968103078784
경상북도,경산시,보현전문요양원,경상북도 경산시 와촌면 상암길 37길 64,053-853-3538,35.9470544874565,128.853672464324
경상북도,경산시,경산청솔재가노인통합지원센터,"경상북도 경산시 자인면 설총로 945,2층",053-813-1108,35.8202676904541,128.82448499226
경상북도,경산시,경산시재가노인통합지원센터,경상북도 경산시 원효로 26길5,053-811-1394,35.8219177907743,128.750837606472
경상북도,경산시,한국돌봄사회적협동조합경산지부,경상북도 경산시 경안로 118번지,053-811-3139,35.818081442593,128.73856551667
경상북도,경주시,경주재가노인통합지원센터,경상북도 경주시 양정로 251번길 19. 3층,054-742-9042,35.8550161696403,129.221931391971
경상북도,경주시,하나재가노인통합지원센터,경상북도 경주시 안강읍 구부랑두림길 131,054-763-1180,36.004940640066,129.199751526956
경상북도,경주시,참사랑재가노인통합지원센터,경북 경주시 충현로 9 (충효동) 4층 401호,054-774-8860,35.8452863314404,129.171264145156
경상북도,경주시,공영재가노인통합지원센터,경상북도 경주시 귀격1길 21-52,054-771-2601,35.767860676349,129.268102710466
경상북도,경주시,경주시종합사회복지관,"경상북도 경주시 승삼1길 34 (용강동, 주공아파트) 108동 1층 사무실",054-771-8107,35.8792137271891,129.231005097662
경상북도,고령군,고령지역자활센터,경상북도 고령군 대가야읍 왕릉로 30 대가야문화누리 3층,054-954-8320,35.7235755520769,128.263094176555
경상북도,고령군,사회복지법인수경재단,경북 고령군 다산면 호촌길 23-10,054-954-7233,35.8279097762593,128.455121487685
경상북도,구미시,성심재가노인통합지원센터,경상북도 구미시 선산읍 단계서길83-8,054-481-7074,36.2445015304991,128.29656344169
경상북도,구미시,금오재가노인통합지원센터,경상북도 구미시 해평면 송곡2길 36,054-472-0408,36.2233267259029,128.385558153566
경상북도,구미시,강동재가노인통합지원센터,"경상북도 구미시 형곡동로 3길 9, 2층",054-473-4008,36.1041022497847,128.33509038332
경상북도,구미시,구미재가노인통합지원센터,경상북도 구미시 검성로115 상가동 101호,054-472-5080,36.1185480301155,128.431446484716
경상북도,군위군,군위재가노인통합지원센터,경상북도 군위군 군위읍 군위금성로 140,054-382-1300,36.2332571200807,128.587475099561
경상북도,김천시,김천지역자활센터,경상북도 김천시 강변로 36(감호동),054-435-8985,36.1219119264754,128.129882121787
경상북도,김천시,김천재가노인통합지원센터,경상북도 김천시 평화중앙6길 36,054-439-0162,36.1216600678611,128.113317533777
경상북도,김천시,김천시노인종합복지관,경상북도 김천시 중앙공원1길 16,054-435-6340,36.1192927035296,128.119496943468
경상북도,문경시,문경시종합사회복지관,경상북도 문경시 중앙5길 28,054-556-0991,36.5918722452657,128.201101817242
경상북도,문경시,문경지역자활센터,경상북도 문경시 호서로 196,054-554-0407,36.6109998094406,128.205816379614
경상북도,봉화군,봉화군노인복지관,경상북도 봉화군 봉화읍 내성천2길 75-2,054-674-2555,36.8923207936197,128.736908898127
경상북도,봉화군,봉화요양원,경상북도 봉화군 법전면 갈방길 33-15 (봉화요양원),054-672-1763,36.9135405236973,128.845991059235
경상북도,상주시,상주시담향재가노인통합지원센터,"경상북도 상주시 왕산로 42-32,2층",054-531-4011,36.4073492466583,128.161922733379
경상북도,상주시,상주시종합사회복지관,경북 상주시 냉림1길 43-18 (냉림동),054-532-5688,36.4222889807036,128.163260192122
경상북도,상주시,상주효도마을노인복지센터,경상북도 상주시 아리랑고개1길63,054-536-1684,36.4296311605492,128.170792103493
경상북도,상주시,상주재가노인통합지원센터,경상북도 상주시 낙동면 신상양지길 32-10,054-532-5514,36.4104707206623,128.235977371383
경상북도,성주군,성주지역자활센터,경상북도 성주군 성주읍 주산로5,054-931-1379,35.9234563387505,128.290242488474
경상북도,성주군,파티마재가노인통합지원센터,경상북도 성주군 금수면 봉두길 46,054-932-5414,35.9310795315078,128.134254722046
경상북도,안동시,노인통합지원센터,경상북도 안동시 안기1길 48,054-841-5125,36.5740816624794,128.716698548002
경상북도,안동시,사)안동자원봉사센터 노인맞춤돌봄서비스,"경상북도 안동시 안기천로 74, 2층",054-841-9891,36.5639876965853,128.717461829316
경상북도,안동시,안동시재가노인통합지원센터,경상북도 안동시 은행나무로 106-5 3층,054-853-3094,36.5676032634222,128.696524141387
경상북도,영덕군,영덕지역자활센터,경상북도 영덕군 영덕읍 군청길 127-5,054-734-5895,36.4139031986983,129.366192000437
경상북도,영덕군,한국돌봄사회적협동조합영덕지부,경상북도 영덕군 영덕읍 화개길 32,054-733-1310,36.4173036169048,129.367250960995
경상북도,영양군,영양군장애인보호작업장,경상북도 영양군 청기면 청기로 1244,054-682-1580,36.6692895128608,129.064051604907
경상북도,영주시,영주재가노인통합지원센터,경상북도 영주시 철탄길 8,054-637-9964,36.8280907627225,128.626408092597
경상북도,영주시,(사)한국안전돌봄서비스협회영주지부,경북 영주시 중앙로95번길 1 2층,054-637-2700,36.8237603775487,128.625029028979
경상북도,영천시,영천시종합사회복지관,경상북도 영천시 중앙동2길 86 영천시종합복지센터2층,054-332-8466,35.9742285569241,128.932205651466
경상북도,영천시,영천기독교청년회(YMCA)영천노인복지센터,"경상북도 영천시 천문로 323,(과전동) 4층",054-337-0013,35.9665645331581,128.9312484795
경상북도,영천시,마야실비노인요양원,경상북도 영천시 북안면 고지길 42-6,054-333-3988,35.9063209852008,129.012381979785
경상북도,예천군,유천재가노인통합지원센터,경상북도 예천군 유천면 고산길 128,054-655-2431,36.6391496839915,128.395164571757
경상북도,울릉군,울릉군가족센터,경북 울릉군 울릉읍 봉래2길 31,054-791-7859,37.493715069775,130.908757940087
경상북도,울진군,울진군노인복지관,경상북도 울진군 울진읍 울진북로 496-14,054-789-6682,36.9926032870334,129.395565569964
경상북도,의성군,기쁨의집,경상북도 의성군 의성읍 북원3길 51-13,010-8551-2338,36.3626165413127,128.698000247168
경상북도,의성군,금성노인복지관,경상북도 의성군 금성면 동부로 2404,054-832-3400,36.2611073610994,128.679045050099
경상북도,의성군,안계노인복지관,경상북도 의성군 안계면 용기5길 42,054-861-1376,36.3880879849842,128.430541593429
경상북도,청도군,청도군주간보호센터,경상북도 청도군 화양읍 청화로 79-15,054-372-8745,35.6486668856635,128.737728194728
경상북도,청도군,청도재가노인통합지원센터,경북 청도군 청도읍 고수동3길 46-18(오복누리원),054-373-4116,35.6487549369927,128.742908664956
경상북도,청송군,청송보현재가노인복지센터,경상북도 청송군 안덕면 안현로 654 청송보현재가노인복지센터,054-873-6677,36.3161170282032,128.987530017397
경상북도,칠곡군,칠곡재가노인통합지원센터,경상북도 칠곡군 왜관읍 평장1길 9(1층),054-971-1939,35.9869065544744,128.402024693661
경상북도,칠곡군,성가양로원 맞춤돌봄서비스,경상북도 칠곡군 동명면 한티로 140,054-977-8121,35.9798081714136,128.573413029388
경상북도,포항시,사회적협동조합포항나눔지역자활센터,경상북도 포항시 남구 청림서길 69,054-252-4471,35.9975959788634,129.406959429264
경상북도,포항시,포항재가노인통합지원센터,경상북도 포항시 남구 운하로 6-1(송도동),054-242-0675,36.0253222565922,129.377327345968
경상북도,포항시,선재재가노인통합지원센터,경상북도 포항시 북구 칠성로 47번길 4(선재빌딩 4층),054-231-4446,36.0370743293056,129.367075285934
경상북도,포항시,좋은이웃재가노인통합지원센터,경상북도 포항시 북구 흥해읍 한동로 106번길 39,054-262-0675,36.1071056768697,129.356736812726
경상북도,포항시,서포항재가노인통합지원센터,경상북도 포항시 북구 기계면 기계로 69번길 11,054-255-2118,36.0692102498462,129.209286590373
경상북도,포항시,포항원광보은의집,경상북도 포항시 북구 소티재로 151번길 36,054-275-5608,36.0694324112725,129.347766525178
경상북도,포항시,가람재가노인통합지원센터,경상북도 포항시 북구 장미길 31-1 2층,054-231-5022,36.051433964154,129.363513223959
경상남도,거제시,거제노인통합지원센터,"경상남도 거제시 거제중앙로 13길 22, 3층",055-638-2111,34.8827675075075,128.623717775574
경상남도,거제시,거제사랑노인복지센터,경상남도 거제시 고현로12길 6 (애니툴스 맞은편),055-637-6674,34.8870741484798,128.625586024429
경상남도,거창군,거창효노인통합지원센터,경상남도 거창군 남상면 웃골길 71,055-942-8525,35.6564637563876,127.914632119785
경상남도,거창군,거창노인통합지원센터,경상남도 거창군 거창읍 창동로 174(2층),055-945-3365,35.6925521038576,127.919972617579
경상남도,거창군,거창인애노인통합지원센터,"경상남도 거창군 거창읍 장팔길 93, 2층",055-942-9116,35.6763991328672,127.908409506967
경상남도,고성군,고성지역자활센터,경상남도 고성군 고성읍 동외로156번길40호림빌2층,055-674-8989,34.9751004633949,128.328078985934
경상남도,고성군,대한노인회 고성군지회,경남 고성군 고성읍 남포로79번길 133,055-804-7500,34.9696481525941,128.313417595371
경상남도,김해시,효능원노인통합지원센터,경상남도 김해시 진영읍 서부로 38번길 77-35,055-343-7900,35.2895761951049,128.759099514672
경상남도,김해시,경상남도사회서비스원 김해시종합재가센터,경상남도 김해시 호계로 418 조은빌딩 2층,055-328-8272,35.2279225010713,128.885482592773
경상남도,김해시,김해시종합사회복지관,경남 김해시 분성로 227,055-329-6336,35.2324337801483,128.870545889559
경상남도,김해시,생명의전화노인통합지원센터,"경상남도 김해시 삼계로 69번길 15, 대명빌딩 401호",055-325-9195,35.2596989262421,128.872673573447
경상남도,김해시,보현행원노인통합지원센터,경상남도 김해시 주촌면 서부로1295번길 219,055-329-0070,35.234802898115,128.79313060577
경상남도,김해시,김해돌봄지원센터,경남 김해시 분성로194번길 58 (외동) 2층 201호,055-724-0515,35.2279047701672,128.871694281638
경상남도,남해군,화방남해노인통합지원센터,경상남도 남해군 고현면 화방로211번길81-7,055-863-1737,34.8677483550785,127.869287626416
경상남도,남해군,화방재가복지센터,경상남도 남해군 고현면 화방로211번길 81-20,055-863-1988,34.8666915334201,127.868740959739
경상남도,밀양시,밀양시자원봉사단체협의회,경상남도 밀양시 삼문송림길13(삼문동)밀양시자원봉사센터 2층,055-352-0094,35.4876999040687,128.756810194191
경상남도,밀양시,밀양노인통합지원센터,경상남도 밀양시 초동면 성만1길 50-8,055-391-1900,35.4113849035402,128.693195132455
경상남도,밀양시,우리들노인통합지원센터,경상남도 밀양시 용평로 49-6(용평동),055-802-8765,35.4952178718917,128.759435196333
경상남도,사천시,사랑원노인지원센터,경상남도 사천시 사남면 사남로 847-15,055-853-8894,35.0483863220043,128.095515502902
경상남도,사천시,사천노인복지센터,경상남도 사천시 백천길 16 행복한집,055-833-3700,34.9919865696929,128.062596547532
경상남도,산청군,산청한일노인통합지원센터,경상남도 산청군 산청읍 웅석봉로67번길 24,055-974-1200,35.4113967556591,127.876009485965
경상남도,산청군,산청복음노인통합지원센터,경상남도 산청군 단성면 목화로 998,055-973-5411,35.29935283026,127.958961055935
경상남도,산청군,산청해민노인통합지원센터,경상남도 산청군 신안면 원지로 36 (서울빌딩 202호),055-974-1991,35.3019178507303,127.975579243752
경상남도,양산시,사회복지법인신생원양산재가노인복지센터,경상남도 양산시 물금읍 삽량로 30 디온플레이스 206호,055-367-8904,35.3286428874827,129.012839552596
경상남도,양산시,통도사자비원노인통합지원센터,경상남도 양산시 하북면 월평1길 24,055-381-6500,35.4952052522273,129.090430347065
경상남도,양산시,웅상노인복지관,경상남도 양산시 삼호9길11 웅상노인복지관,055-366-3388,35.4143864012035,129.171994921439
경상남도,의령군,의령노인통합지원센터,경상남도 의령군 궁류면 청정로 1224,055-572-0079,35.4374806999349,128.244079997698
경상남도,진주시,진양노인통합지원센터,경상남도 진주시 명석면 진주대로 2116,055-743-3466,35.2408686179199,127.996433046917
경상남도,진주시,진주노인통합지원센터,경상남도 진주시 장재새미길 53번길 35,055-761-0086,35.2043449325354,128.096454364895
경상남도,진주시,나누리노인통합지원센터,경남 진주시 집현면 신당길 300-50,055-762-1001,35.2184006647397,128.122949047678
경상남도,진주시,공덕의집노인통합지원센터,경상남도 진주시 창렬로42번길 7-2,055-744-6556,35.1927209918731,128.071401889008
경상남도,창녕군,사회적협동조합 창녕지역자활센터,경상남도 창녕군 창녕읍 조산서재골로 7,055-532-0612,35.5379656461651,128.485740907481
경상남도,창녕군,창녕군새누리노인종합센터,경상남도 창녕군 남지읍 덕동길 55,055-526-1796,35.3961941776052,128.460788477262
경상남도,창원시,동진노인통합지원센터,경상남도 창원시 의창구 동읍 동읍로 517-14,055-299-2233,35.3127334208082,128.656815205842
경상남도,창원시,창원도우누리노인종합재가센터,"경남 창원시 의창구 대봉로26번길 24 (봉림동), 1층",055-262-2773,35.2511852007229,128.669762836235
경상남도,창원시,명진노인통합지원센터,경상남도 창원시 마산합포구 구산면 마전길 335-1,055-271-0483,35.1305950269579,128.531856723676
경상남도,창원시,마산희망지역자활센터,경상남도 창원시 마산합포구 동서북 7길 51(남성동) 3층,055-247-7045,35.2040176676276,128.575698491862
경상남도,창원시,성로노인통합지원센터,경상남도 창원시 마산합포구 무학로 515,055-247-1975,35.2137717475247,128.561546928561
경상남도,창원시,경상남도사회서비스원 창원시종합재가센터,경상남도 창원시 마산회원구 양덕로 193 제일빌딩 6층,055-291-8271,35.2339728011205,128.579794514384
경상남도,창원시,경남노인통합지원센터,경상남도 창원시 마산회원구 팔용로 272,055-298-8602,35.2482818929543,128.600949377345
경상남도,창원시,정현사회적협동조합,"경남 창원시 성산구 정동로162번길 74 (남산동, 대우상가) , 4층 408호",055-715-9901,35.2008296647984,128.697922577989
경상남도,창원시,진해서부노인종합복지관,경남 창원시 진해구 태평로 96 (태평동),055-547-8004,35.1444488051767,128.669367804394
경상남도,창원시,진해노인종합복지관,"경남 창원시 진해구 천자로 434 (풍호동, 진해노인종합복지관)",055-544-7155,35.134606137939,128.711670363028
경상남도,통영시,통영시장애인종합복지관,경상남도 통영시 용남면 기호바깥길 7-89(3층 노인맞춤돌봄서비스 사무실),055-650-9940,34.8729933537401,128.419997601535
경상남도,통영시,통영시종합사회복지관,경상남도 통영시 안개4길 94,055-640-7700,34.8592325927213,128.432397092343
경상남도,하동군,하동노인통합지원센터,경상남도 하동군 중앙2길10-9(3층),055-884-7078,35.0699598015205,127.746664924698
경상남도,하동군,경남하동지역자활센터,경상남도 하동군 하동읍 청년회관길 13,055-884-6955,35.071931074976,127.747392006109
경상남도,함안군,(사)대한노인회함안군지회,경상남도 함안군 가야읍 중앙남길 67,055-585-8505,35.2754702185994,128.410600869654
경상남도,함안군,함안군재가노인통합지원센터,경상남도 함안군 칠서면 이룡3길 25-43,055-586-1236,35.3844221239927,128.51143184256
경상남도,함양군,함양군청,경상남도 함양군 함양읍 고운로 34 기관단체청사 301호,055-964-9921,35.5198483704201,127.725182686442
경상남도,합천군,미타재가복지센터,경상남도 합천군 적중면 우회로 1198,055-931-9121,35.551232204486,128.292964515195
경상남도,합천군,합천노인통합지원센터,경상남도 합천군 삼가면 삼가로 10-13,055-931-1014,35.3828119088841,128.117098166324
경상남도,합천군,코끼리행복복지센터,경남 합천군 가야면 가야시장로 98,055-932-3141,35.7633387082867,128.139493831754
경상남도,합천군,사회적협동조합 합천지역자활센터,경남 합천군 합천읍 중앙로 2길 19,055-933-3933,35.56479658733,128.160465468234
제주특별자치도,서귀포시,성산원광소규모요양시설,제주특별자치도 서귀포시 성산읍 고성중앙로 76-2,064-784-2999,33.4489082599478,126.910877741933
제주특별자치도,서귀포시,서귀포시홀로사는노인지원센터,제주특별자치도 서귀포시 서호남로 29 (서호동) 서귀포시노인복지지원센터 2층,064-738-7080,33.2505508871555,126.515554629472
제주특별자치도,서귀포시,서귀원광노인복지센터,제주특별자치도 서귀포시 서홍로69번길 129-2,064-763-2456,33.262808101773,126.546822693573
제주특별자치도,서귀포시,사회서비스원 서귀포시 종합재가센터,"제주특별자치도 서귀포시 중산간동로 7905 (동홍동) , 3층",064-742-3500,33.2651306155094,126.571781127774
제주특별자치도,제주시,제주원광재가노인복지센터,제주특별자치도 제주시 애월읍 하귀미수동길19,064-799-7785,33.4811467313279,126.400762620841
제주특별자치도,제주시,은빛마을노인복지센터,제주특별자치도 제주시 조천읍 함덕20길 42,064-784-3999,33.5382480641099,126.6669219466
제주특별자치도,제주시,제주시홀로사는노인지원센터,제주특별자치도 제주시 동문로 80.2층,064-759-9261,33.5135349960154,126.535102290484
제주특별자치도,제주시,사회적협동조합제주이어도지역자활센터,제주특별자치도 제주시 도남로7길 40 (도남동) 3층,064-757-0002,33.4967266598385,126.526966577275
제주특별자치도,제주시,성안노인복지센터,제주특별자치도 제주시 중앙로 470,064-757-1250,33.481103866707,126.541609854334
제주특별자치도,제주시,제주노인복지센터,"제주특별자치도 제주시 장군내길 68-1, A동2층",064-746-8336,33.4734997664984,126.448107273408
